Date;Close;CloseDolar
2006-03-13;27.66;12.96
2006-03-14;27.45;12.91
2006-03-15;27.58;13
2006-03-16;26.97;12.78
2006-03-17;26.96;12.68
2006-03-20;27.36;12.73
2006-03-21;27.55;12.67
2006-03-22;27.84;12.94
2006-03-23;27.82;12.87
2006-03-24;27.91;12.96
2006-03-27;28.48;13.12
2006-03-28;28.7;12.99
2006-03-29;28.69;12.96
2006-03-30;28.33;12.94
2006-03-31;27.54;12.72
2006-04-03;26.96;12.61
2006-04-04;26.57;12.45
2006-04-05;26.6;12.46
2006-04-06;26.79;12.58
2006-04-07;26.76;12.45
2006-04-10;26.74;12.4
2006-04-11;26.8;12.52
2006-04-12;26.74;12.54
2006-04-13;26.82;12.54
2006-04-17;27.28;12.77
2006-04-18;27.26;12.88
2006-04-19;27.1;12.82
2006-04-20;27.04;12.75
2006-04-24;27.33;12.93
2006-04-25;27.44;12.9
2006-04-26;27.32;12.9
2006-04-27;27.15;12.9
2006-04-28;27.67;13.26
2006-05-02;27.59;13.39
2006-05-03;27.58;13.29
2006-05-04;27.82;13.43
2006-05-05;27.76;13.51
2006-05-08;27.28;13.18
2006-05-09;27.86;13.52
2006-05-10;28.13;13.65
2006-05-11;28.36;13.5
2006-05-12;28.88;13.47
2006-05-15;28.83;13.19
2006-05-16;28.3;13.25
2006-05-17;29.03;13.17
2006-05-18;29.05;13.36
2006-05-19;28.61;12.96
2006-05-22;29.4;12.84
2006-05-23;29.23;12.75
2006-05-24;30.26;12.61
2006-05-25;29.63;12.91
2006-05-26;29.04;12.96
2006-05-29;28.74;12.63
2006-05-30;30.14;13.05
2006-05-31;29.5;12.7
2006-06-01;29.28;13
2006-06-02;29.97;13.16
2006-06-05;30.02;13.34
2006-06-06;29.84;13.22
2006-06-09;29.3;12.96
2006-06-12;30;13.1
2006-06-13;30.26;13.14
2006-06-14;29.88;13.1
2006-06-16;29.84;13.29
2006-06-19;28.94;12.84
2006-06-20;29.18;12.99
2006-06-21;29.19;13.08
2006-06-22;29.25;13.04
2006-06-23;29.19;13.09
2006-06-26;28.55;12.8
2006-06-27;28.76;12.85
2006-06-28;29.16;13.14
2006-06-29;29.04;13.37
2006-06-30;29.17;13.47
2006-07-03;29.39;13.48
2006-07-04;29.57;13.63
2006-07-05;29.46;13.39
2006-07-06;29.9;13.75
2006-07-07;29.49;13.52
2006-07-10;29.54;13.55
2006-07-11;30.08;13.77
2006-07-12;29.74;13.52
2006-07-13;29.76;13.4
2006-07-14;29.9;13.51
2006-07-17;29.42;13.34
2006-07-18;29.51;13.46
2006-07-19;29.35;13.48
2006-07-20;29.38;13.39
2006-07-21;29.35;13.35
2006-07-24;29.37;13.4
2006-07-25;29.95;13.6
2006-07-26;30.14;13.76
2006-07-27;29.5;13.46
2006-07-28;29.49;13.57
2006-07-31;29.3;13.47
2006-08-01;29.27;13.36
2006-08-02;29.83;13.68
2006-08-03;29.56;13.58
2006-08-04;29.76;13.63
2006-08-07;29.15;13.34
2006-08-08;29.14;13.38
2006-08-09;29.01;13.38
2006-08-10;29.05;13.45
2006-08-11;29.01;13.4
2006-08-14;29.03;13.43
2006-08-15;28.95;13.52
2006-08-16;28.56;13.36
2006-08-17;28.57;13.35
2006-08-18;28.49;13.27
2006-08-21;28.49;13.36
2006-08-22;28.37;13.27
2006-08-23;28.82;13.39
2006-08-24;28.89;13.41
2006-08-25;28.66;13.29
2006-08-28;28.37;13.26
2006-08-29;28.5;13.33
2006-08-30;28.71;13.43
2006-08-31;28.8;13.43
2006-09-01;28.65;13.4
2006-09-04;28.58;13.46
2006-09-05;28.69;13.46
2006-09-06;28.89;13.42
2006-09-08;29.03;13.45
2006-09-11;28.84;13.25
2006-09-12;28.79;13.28
2006-09-13;29.08;13.47
2006-09-14;28.82;13.33
2006-09-15;28.87;13.42
2006-09-18;28.84;13.43
2006-09-19;28.86;13.34
2006-09-20;29.33;13.47
2006-09-21;29.54;13.37
2006-09-22;29.58;13.4
2006-09-25;29.47;13.28
2006-09-26;29.38;13.4
2006-09-27;29.47;13.48
2006-09-28;29.65;13.65
2006-09-29;29.62;13.64
2006-10-02;29.66;13.75
2006-10-03;30.04;13.82
2006-10-04;30.55;14.13
2006-10-05;30.66;14.2
2006-10-06;30.37;14.04
2006-10-09;31;14.38
2006-10-10;30.98;14.39
2006-10-11;31.09;14.41
2006-10-13;30.99;14.5
2006-10-16;31.05;14.58
2006-10-17;31.86;14.95
2006-10-18;32.94;15.41
2006-10-19;33.39;15.59
2006-10-20;33.69;15.73
2006-10-23;33.6;15.72
2006-10-24;33.7;15.67
2006-10-25;33.64;15.68
2006-10-26;33.89;15.85
2006-10-27;33.78;15.83
2006-10-30;34.08;15.85
2006-10-31;33.69;15.72
2006-11-01;33.56;15.65
2006-11-03;33.75;15.77
2006-11-06;33.8;15.81
2006-11-07;33.52;15.68
2006-11-08;34.06;15.88
2006-11-09;34.24;15.99
2006-11-10;34.17;15.88
2006-11-13;34.06;15.7
2006-11-14;34.18;15.91
2006-11-16;34.38;15.96
2006-11-17;34.5;15.97
2006-11-20;34.69;16.05
2006-11-21;35.08;16.22
2006-11-22;35;16.16
2006-11-23;35.04;16.16
2006-11-24;35.04;16.15
2006-11-27;34.73;15.85
2006-11-28;34.71;15.87
2006-11-29;34.5;15.91
2006-11-30;34.42;15.9
2006-12-01;34.35;15.84
2006-12-04;33.67;15.56
2006-12-05;33.4;15.52
2006-12-06;33.63;15.67
2006-12-07;32.83;15.32
2006-12-08;33.06;15.45
2006-12-11;33.14;15.5
2006-12-12;33.12;15.39
2006-12-13;32.87;15.32
2006-12-14;33.25;15.48
2006-12-15;33.33;15.53
2006-12-18;33.38;15.53
2006-12-19;33;15.26
2006-12-20;33.17;15.37
2006-12-21;33.2;15.39
2006-12-22;33;15.37
2006-12-26;33.5;15.63
2006-12-27;33.57;15.64
2006-12-28;33.5;15.68
2007-01-02;34;15.95
2007-01-03;33.5;15.65
2007-01-04;33.67;15.7
2007-01-05;33.67;15.64
2007-01-08;33.78;15.7
2007-01-09;33.58;15.62
2007-01-10;33.16;15.43
2007-01-11;33.3;15.52
2007-01-12;33.2;15.51
2007-01-15;33.5;15.64
2007-01-16;33.82;15.8
2007-01-17;34.1;15.98
2007-01-18;34.1;15.97
2007-01-19;34.1;16
2007-01-22;33.6;15.73
2007-01-23;33.91;15.9
2007-01-24;33.59;15.78
2007-01-25;33.51;15.7
2007-01-26;33.46;15.65
2007-01-29;33.64;15.75
2007-01-30;33.64;15.79
2007-01-31;34.05;16.03
2007-02-01;33.77;16.07
2007-02-02;33.72;16.02
2007-02-05;34.01;16.24
2007-02-06;33.94;16.27
2007-02-07;34.05;16.26
2007-02-08;34.18;16.33
2007-02-09;34.33;16.28
2007-02-12;34.48;16.31
2007-02-13;34.54;16.39
2007-02-14;34.73;16.6
2007-02-15;34.82;16.64
2007-02-16;35.01;16.73
2007-02-21;35.01;16.86
2007-02-22;35.59;17.09
2007-02-23;35.76;17.12
2007-02-26;35.82;17.19
2007-02-27;35.44;16.72
2007-02-28;35.57;16.77
2007-03-01;35;16.52
2007-03-02;34.73;16.29
2007-03-05;34.34;16.08
2007-03-06;34.33;16.21
2007-03-07;34.67;16.41
2007-03-08;34.89;16.56
2007-03-09;34.62;16.5
2007-03-12;34.56;16.55
2007-03-13;34.61;16.45
2007-03-14;34.27;16.34
2007-03-15;34.04;16.28
2007-03-16;33.99;16.24
2007-03-19;33.84;16.28
2007-03-20;33.74;16.25
2007-03-21;33.77;16.39
2007-03-22;33.29;16.15
2007-03-23;33.29;16.14
2007-03-26;32.82;15.93
2007-03-27;33.07;16.03
2007-03-28;33.35;16.12
2007-03-29;33.54;16.41
2007-03-30;33.37;16.19
2007-04-02;33.43;16.32
2007-04-03;33.07;16.24
2007-04-04;32.91;16.18
2007-04-05;32.81;16.15
2007-04-09;32.23;15.91
2007-04-10;31.69;15.63
2007-04-11;31.81;15.61
2007-04-12;31.75;15.61
2007-04-13;31.65;15.66
2007-04-16;31.75;15.59
2007-04-17;31.5;15.47
2007-04-18;31.32;15.4
2007-04-19;31.71;15.63
2007-04-20;31.73;15.65
2007-04-23;31.66;15.55
2007-04-24;31.42;15.44
2007-04-25;31.67;15.67
2007-04-26;31.56;15.57
2007-04-27;31.63;15.57
2007-04-30;31.82;15.63
2007-05-02;32.17;15.89
2007-05-03;32.3;15.94
2007-05-04;32.18;15.81
2007-05-07;31.91;15.79
2007-05-08;31.75;15.7
2007-05-09;31.83;15.77
2007-05-10;31.82;15.73
2007-05-11;32.11;15.91
2007-05-14;32.22;16.04
2007-05-15;32.03;16.16
2007-05-16;32.04;16.41
2007-05-17;32.01;16.4
2007-05-18;31.99;16.31
2007-05-21;31.92;16.46
2007-05-22;32.06;16.49
2007-05-23;32.24;16.52
2007-05-24;32.45;16.47
2007-05-25;32.44;16.62
2007-05-28;32.42;16.68
2007-05-29;32.07;16.44
2007-05-30;32.31;16.64
2007-05-31;32.45;16.85
2007-06-01;32.22;16.91
2007-06-04;32.28;16.74
2007-06-05;32.69;16.81
2007-06-06;32.99;16.9
2007-06-08;32.92;16.8
2007-06-11;33.19;17.1
2007-06-12;33.02;16.97
2007-06-13;33.12;17.03
2007-06-14;33.21;17.24
2007-06-15;33.26;17.39
2007-06-18;33.36;17.5
2007-06-19;33.12;17.39
2007-06-20;33.44;17.34
2007-06-21;33.19;17.32
2007-06-22;32.81;16.89
2007-06-25;32.3;16.56
2007-06-26;32.59;16.69
2007-06-27;32.81;16.88
2007-06-28;32.73;17.03
2007-06-29;33.61;17.41
2007-07-02;34.13;17.82
2007-07-03;33.98;17.78
2007-07-04;33.78;17.69
2007-07-05;34.05;17.79
2007-07-06;34.11;17.93
2007-07-09;34.13;17.98
2007-07-10;34.53;18.24
2007-07-11;34.58;18.28
2007-07-12;34.83;18.59
2007-07-13;34.85;18.71
2007-07-16;34.01;18.18
2007-07-17;33.02;17.75
2007-07-18;32.72;17.59
2007-07-19;32.47;17.51
2007-07-20;32.96;17.76
2007-07-23;32.15;17.45
2007-07-24;32.24;17.33
2007-07-25;32.54;17.43
2007-07-26;33.5;17.38
2007-07-27;33.73;17.81
2007-07-30;33.82;18.04
2007-07-31;34.21;18.18
2007-08-01;34.48;18.23
2007-08-02;34.87;18.6
2007-08-03;35.23;18.54
2007-08-06;35.1;18.42
2007-08-07;35.49;18.61
2007-08-08;36.05;19.12
2007-08-09;36.61;19.01
2007-08-10;36.73;18.82
2007-08-13;37.41;19.25
2007-08-14;37.52;18.9
2007-08-15;37.43;18.43
2007-08-16;36.83;17.61
2007-08-17;36.82;18.18
2007-08-20;37.11;18.29
2007-08-21;37.43;18.4
2007-08-22;37.49;18.64
2007-08-23;37.94;19.08
2007-08-24;38.01;19.57
2007-08-27;37.94;19.44
2007-08-28;38.49;19.22
2007-08-29;38.98;19.83
2007-08-30;39.74;20.13
2007-08-31;39.74;20.25
2007-09-03;39.63;20.28
2007-09-04;40.45;20.76
2007-09-05;40.9;20.77
2007-09-06;40.29;20.71
2007-09-10;40.43;20.78
2007-09-11;40.4;20.99
2007-09-12;41.27;21.62
2007-09-13;40.61;21.33
2007-09-14;40.86;21.5
2007-09-17;41.7;21.72
2007-09-18;41.43;22.07
2007-09-19;41.31;22.1
2007-09-20;41.59;22.1
2007-09-21;41.7;22.32
2007-09-24;41.93;22.41
2007-09-25;41.98;22.57
2007-09-26;42.54;23.03
2007-09-27;43.09;23.38
2007-09-28;42.62;23.24
2007-10-01;42.18;23.3
2007-10-02;41.24;22.6
2007-10-03;41.19;22.4
2007-10-04;42.07;23.05
2007-10-05;41.34;22.92
2007-10-08;40.97;22.54
2007-10-09;41.81;23.19
2007-10-10;42.81;23.72
2007-10-11;43.26;23.96
2007-10-15;43.15;23.78
2007-10-16;42.63;23.49
2007-10-17;42.78;23.5
2007-10-18;42.64;23.87
2007-10-19;42.41;23.48
2007-10-22;41.63;22.9
2007-10-23;42.13;23.43
2007-10-24;42.36;23.43
2007-10-25;42.04;23.44
2007-10-26;42.46;24
2007-10-29;42.81;24.37
2007-10-30;42.14;24.05
2007-10-31;42.29;24.36
2007-11-01;41.66;23.83
2007-11-05;41.92;23.97
2007-11-06;42.23;24.32
2007-11-07;42.16;24.23
2007-11-08;42.39;24.29
2007-11-09;42.36;24.26
2007-11-12;42.39;23.85
2007-11-13;42.63;24.12
2007-11-14;43.57;25.13
2007-11-16;43.42;24.85
2007-11-19;43;24.34
2007-11-20;42.71;24.24
2007-11-21;43.21;24.33
2007-11-22;43.04;24.18
2007-11-23;43.45;24.09
2007-11-26;43.33;23.75
2007-11-27;44;23.97
2007-11-28;43.5;24.25
2007-11-29;44.34;24.71
2007-11-30;43.89;24.48
2007-12-03;43.48;24.24
2007-12-04;43.28;23.93
2007-12-05;43.06;23.96
2007-12-06;42.87;24.14
2007-12-07;42.9;24.39
2007-12-10;42.68;24.16
2007-12-11;42.83;24.37
2007-12-12;43.6;24.59
2007-12-13;43.55;24.43
2007-12-14;44.11;24.55
2007-12-17;44;24.27
2007-12-18;44.41;24.48
2007-12-19;45.08;25.03
2007-12-20;45.32;25.11
2007-12-21;45.64;25.44
2007-12-26;45.36;25.6
2007-12-27;45.33;25.74
2007-12-28;45.03;25.37
2008-01-02;45.13;25.47
2008-01-03;46.28;26.42
2008-01-04;46.66;26.59
2008-01-07;47.05;26.67
2008-01-08;47.46;26.95
2008-01-09;48.21;27.27
2008-01-10;48.35;27.52
2008-01-11;48.58;27.81
2008-01-14;49.06;28.29
2008-01-15;48.93;27.93
2008-01-16;48.26;27.22
2008-01-17;49;27.42
2008-01-18;48.81;27.34
2008-01-21;48.83;26.68
2008-01-22;48.38;27
2008-01-23;47.92;26.26
2008-01-24;47.7;26.74
2008-01-25;48;26.86
2008-01-28;47.92;26.86
2008-01-29;48.12;27.02
2008-01-30;47.87;26.89
2008-01-31;47.89;27.23
2008-02-01;48.25;27.63
2008-02-06;49.46;28.22
2008-02-07;49.5;28.15
2008-02-08;50.38;28.48
2008-02-11;50.04;28.48
2008-02-12;49.9;28.51
2008-02-13;49.45;28.37
2008-02-14;49.91;28.52
2008-02-15;50.13;28.58
2008-02-18;50.13;28.87
2008-02-19;50.3;29.02
2008-02-20;50.04;29.03
2008-02-21;49.94;29.19
2008-02-22;49.86;29.19
2008-02-25;50.71;29.72
2008-02-26;50.35;29.9
2008-02-27;50.03;29.94
2008-02-28;50.32;30.15
2008-02-29;51.18;30.26
2008-03-03;52.6;31.48
2008-03-04;51.97;30.83
2008-03-05;51.84;31.01
2008-03-06;49.5;29.46
2008-03-07;48.39;28.73
2008-03-10;47.68;27.95
2008-03-11;48.95;29.05
2008-03-12;47.82;28.57
2008-03-13;49.21;29.07
2008-03-14;48.53;28.32
2008-03-17;46.45;26.96
2008-03-18;46.33;27.45
2008-03-19;44.99;26.14
2008-03-20;44.36;25.61
2008-03-24;45.69;26.15
2008-03-25;47.92;27.67
2008-03-26;49.27;28.56
2008-03-27;48.8;28.09
2008-03-28;46.92;26.9
2008-03-31;44;25.1
2008-04-01;44.98;25.77
2008-04-02;45.55;26.37
2008-04-03;45.81;26.68
2008-04-04;46;26.92
2008-04-07;46.11;27.06
2008-04-08;45.59;26.91
2008-04-09;46.14;27.32
2008-04-10;47.26;28.05
2008-04-11;46.86;27.73
2008-04-14;47.8;28.33
2008-04-15;48.43;28.78
2008-04-16;47.5;28.55
2008-04-17;46.86;28.26
2008-04-18;47.08;28.21
2008-04-22;47.42;28.55
2008-04-23;47.67;28.75
2008-04-24;47.52;28.46
2008-04-25;47.28;28.36
2008-04-28;46;27.25
2008-04-29;46.4;27.2
2008-04-30;46.91;28.21
2008-05-02;45.53;27.59
2008-05-05;45.29;27.33
2008-05-06;45.76;27.57
2008-05-07;46.05;27.25
2008-05-08;46.6;27.53
2008-05-09;47.4;28.11
2008-05-12;46.94;28.19
2008-05-13;46.99;28.36
2008-05-14;47.28;28.42
2008-05-15;46.64;28.18
2008-05-16;47.36;28.86
2008-05-19;46.11;27.96
2008-05-20;46.35;28.09
2008-05-21;46.24;27.89
2008-05-23;47.1;28.36
2008-05-26;47.24;28.47
2008-05-27;47.36;28.34
2008-05-28;47.6;28.76
2008-05-29;46.57;28.45
2008-05-30;46.67;28.67
2008-06-02;47.2;28.92
2008-06-03;47.27;29.02
2008-06-04;47.68;29.27
2008-06-05;49.4;30.36
2008-06-06;50.52;30.92
2008-06-09;50.45;31.03
2008-06-10;50.11;30.42
2008-06-11;52.37;31.89
2008-06-12;53.19;32.53
2008-06-13;54.03;33.02
2008-06-16;53.38;32.85
2008-06-17;54.07;33.62
2008-06-18;55.12;34.3
2008-06-19;54.43;33.93
2008-06-20;54.91;34.19
2008-06-23;53.52;33.18
2008-06-24;53.19;33.2
2008-06-25;53.41;33.57
2008-06-26;54.62;34.07
2008-06-27;55.29;34.64
2008-06-30;55.26;34.6
2008-07-01;56.12;34.97
2008-07-02;56.1;34.99
2008-07-03;56.83;35.28
2008-07-04;57.02;35.46
2008-07-07;54.64;34.13
2008-07-08;53.98;33.45
2008-07-09;54.77;34.06
2008-07-10;55.66;34.57
2008-07-11;56.13;35.06
2008-07-14;55.07;34.55
2008-07-15;54.43;34.27
2008-07-16;54.71;34.26
2008-07-17;53.87;33.69
2008-07-18;52.92;33.3
2008-07-21;50.3;31.86
2008-07-22;50.04;31.67
2008-07-23;49.63;31.33
2008-07-24;49.42;31.3
2008-07-25;49.74;31.62
2008-07-28;49.85;31.65
2008-07-29;48.9;31.17
2008-07-30;48.82;31.26
2008-07-31;49.17;31.48
2008-08-01;48.18;30.84
2008-08-04;45.72;29.25
2008-08-05;45.16;28.67
2008-08-06;44.31;28.09
2008-08-07;45.45;28.57
2008-08-08;44.88;27.91
2008-08-11;44.85;27.75
2008-08-12;45.12;27.78
2008-08-13;46.51;28.8
2008-08-14;45.93;28.23
2008-08-15;45.35;27.68
2008-08-18;46.88;28.6
2008-08-19;47.46;29.17
2008-08-20;47.23;29.17
2008-08-21;48.42;30.07
2008-08-22;47.86;29.4
2008-08-25;48.9;29.94
2008-08-26;49.15;30.13
2008-08-27;49.04;30.23
2008-08-28;48.36;29.63
2008-08-29;48.85;29.91
2008-09-01;48.73;29.59
2008-09-02;47.76;28.72
2008-09-03;47.38;28.23
2008-09-04;47.7;27.75
2008-09-05;46.99;27.37
2008-09-08;46.61;26.85
2008-09-09;47.19;26.63
2008-09-10;47.75;26.75
2008-09-11;48.44;26.69
2008-09-12;48.28;27.11
2008-09-15;48.63;26.81
2008-09-16;47.47;26.08
2008-09-17;48.11;25.76
2008-09-18;48.78;25.28
2008-09-19;48.04;26.25
2008-09-22;48.91;27.28
2008-09-23;48.93;26.74
2008-09-24;49.68;26.86
2008-09-25;49.32;27.08
2008-09-26;49.14;26.52
2008-09-29;48.29;24.55
2008-09-30;46.97;24.67
2008-10-01;47.47;24.75
2008-10-02;46.84;23.18
2008-10-03;46.94;22.96
2008-10-06;46.55;21.16
2008-10-07;47.47;20.53
2008-10-08;49.17;21.57
2008-10-09;48.9;22.35
2008-10-10;48.3;20.87
2008-10-13;46.69;21.82
2008-10-14;45.24;21.52
2008-10-15;44.39;20.5
2008-10-16;43.9;20.28
2008-10-17;44.66;21.11
2008-10-20;44.91;21.21
2008-10-21;45.66;20.42
2008-10-22;47.83;20.1
2008-10-23;48.25;20.89
2008-10-24;47.44;20.39
2008-10-27;46.83;20.87
2008-10-28;46.33;21.2
2008-10-29;46.82;21.88
2008-10-30;46.32;22.03
2008-10-31;46.12;21.39
2008-11-03;47.12;21.72
2008-11-04;47.18;22.35
2008-11-05;46.16;21.79
2008-11-06;45.08;20.48
2008-11-07;46.3;21.44
2008-11-10;46.58;21.25
2008-11-11;46.5;20.93
2008-11-12;47.57;20.74
2008-11-13;48.28;20.28
2008-11-14;47.63;20.98
2008-11-17;48.32;21.22
2008-11-18;48.26;20.76
2008-11-19;49.3;20.67
2008-11-20;48.2;20.08
2008-11-21;48.32;19.61
2008-11-24;48.01;20.62
2008-11-25;47.02;20.22
2008-11-26;47.44;20.93
2008-11-27;46.5;20.39
2008-11-28;46.64;20.17
2008-12-01;46.16;19.91
2008-12-02;46.34;19.38
2008-12-03;46.28;18.71
2008-12-04;46.27;18.28
2008-12-05;46.17;18.58
2008-12-08;45.47;18.19
2008-12-09;45.93;18.58
2008-12-10;46.18;19.01
2008-12-11;45.86;19.56
2008-12-12;45.83;19.38
2008-12-15;46.53;19.56
2008-12-16;46.66;19.69
2008-12-17;46.53;19.82
2008-12-18;46.45;19.69
2008-12-19;46.78;19.78
2008-12-22;47.29;19.79
2008-12-23;47.77;20.01
2008-12-26;48.17;20.32
2008-12-29;48.67;20.15
2008-12-30;49.3;21.1
2009-01-02;49.67;21.28
2009-01-05;49.67;22.03
2009-01-06;50.09;22.98
2009-01-07;50.43;22.39
2009-01-08;49.95;21.74
2009-01-09;51.02;22.47
2009-01-12;50.4;21.97
2009-01-13;50.1;21.52
2009-01-14;50.93;21.72
2009-01-15;51.32;21.55
2009-01-16;51.98;22.25
2009-01-19;52.14;22.36
2009-01-20;52.13;21.99
2009-01-21;52.08;22.14
2009-01-22;51.9;22.28
2009-01-23;52.83;22.57
2009-01-26;52.81;22.86
2009-01-27;51.42;22.08
2009-01-28;49.82;21.9
2009-01-29;50.15;21.85
2009-01-30;50.53;21.83
2009-02-02;50.29;21.63
2009-02-03;49.95;21.53
2009-02-04;49.88;21.6
2009-02-05;50.28;21.98
2009-02-06;50.47;22.45
2009-02-09;51.18;22.88
2009-02-10;50.9;22.29
2009-02-11;51.02;22.28
2009-02-12;51;22.29
2009-02-13;50.71;22.4
2009-02-16;50.03;21.94
2009-02-17;48.42;20.82
2009-02-18;48.66;20.71
2009-02-19;47.75;20.31
2009-02-20;46.64;19.52
2009-02-25;46.36;19.52
2009-02-26;46.14;19.68
2009-02-27;46.57;19.64
2009-03-02;46.73;19.13
2009-03-03;47.27;19.6
2009-03-04;47.31;19.94
2009-03-05;46.65;19.6
2009-03-06;47.26;19.9
2009-03-09;47.25;19.89
2009-03-10;47.42;20.19
2009-03-11;47.19;20.08
2009-03-12;46.6;20.23
2009-03-13;46.75;20.34
2009-03-16;47.18;20.72
2009-03-17;47.59;20.83
2009-03-18;47.85;21.27
2009-03-19;47.87;21.29
2009-03-20;48.18;21.28
2009-03-23;49.3;21.96
2009-03-24;49.34;22.01
2009-03-25;49.01;21.8
2009-03-26;48.32;21.57
2009-03-27;47.41;20.69
2009-03-30;47.33;20.3
2009-03-31;48.82;21.06
2009-04-01;48.91;21.44
2009-04-02;48.91;21.89
2009-04-03;48.73;22.09
2009-04-06;48.93;22.06
2009-04-07;49.22;22.19
2009-04-08;49.45;22.44
2009-04-09;49.54;22.81
2009-04-13;49.43;22.78
2009-04-14;50.3;22.92
2009-04-15;50.64;23.05
2009-04-16;50.99;23.43
2009-04-17;51.9;23.69
2009-04-20;51.5;22.95
2009-04-22;51.62;23.44
2009-04-23;51.7;23.3
2009-04-24;51.18;23.36
2009-04-27;50.28;22.65
2009-04-28;49.19;22.39
2009-04-29;49.45;22.74
2009-04-30;51.34;23.46
2009-05-04;53.12;24.98
2009-05-05;53.19;24.76
2009-05-06;53.06;25.12
2009-05-07;52.7;24.98
2009-05-08;51.53;24.92
2009-05-11;51.2;24.87
2009-05-12;51.71;24.98
2009-05-13;53.06;25.2
2009-05-14;53.41;25.65
2009-05-15;53.51;25.36
2009-05-18;53.4;25.72
2009-05-19;53.4;26.24
2009-05-20;52.98;26.12
2009-05-21;52.88;25.99
2009-05-22;53.01;26.15
2009-05-25;52.96;26.15
2009-05-26;52.5;26.01
2009-05-27;52.87;26.24
2009-05-28;52.96;26.36
2009-05-29;52.17;26.48
2009-06-01;52.44;26.85
2009-06-02;52.07;27.06
2009-06-03;52;26.49
2009-06-04;52.78;27.18
2009-06-05;53.19;27.18
2009-06-08;53.72;27.33
2009-06-09;53.37;27.57
2009-06-10;53.44;27.39
2009-06-12;52.44;27.24
2009-06-15;51.19;26.21
2009-06-16;51.18;26.02
2009-06-17;52.25;26.63
2009-06-18;52.36;26.51
2009-06-19;51.81;26.26
2009-06-22;51.42;25.41
2009-06-23;51.93;26.2
2009-06-24;52.18;26.29
2009-06-25;52.63;27.04
2009-06-26;52.33;26.99
2009-06-29;52.53;26.75
2009-06-30;52.47;26.71
2009-07-01;53.27;27.61
2009-07-02;53.74;27.53
2009-07-03;53.25;27.28
2009-07-06;52.98;27.03
2009-07-07;50.98;25.58
2009-07-08;50.18;24.96
2009-07-09;49.93;25.07
2009-07-10;50.29;25.15
2009-07-13;50.03;25.27
2009-07-14;49.7;25.24
2009-07-15;49.66;25.66
2009-07-16;47.94;24.84
2009-07-17;47.67;24.72
2009-07-20;47.54;24.98
2009-07-21;47.22;24.76
2009-07-22;47.21;24.8
2009-07-23;47.69;25.25
2009-07-24;48.21;25.41
2009-07-27;48.27;25.74
2009-07-28;49.43;26.26
2009-07-29;49.89;26.2
2009-07-30;51.87;27.68
2009-07-31;51.56;27.65
2009-08-03;51.75;28.2
2009-08-04;51.55;28.28
2009-08-05;51.08;28.21
2009-08-06;50.97;27.74
2009-08-07;51.27;28.11
2009-08-10;50.58;27.35
2009-08-11;51.46;27.92
2009-08-12;51.2;27.91
2009-08-13;51.13;27.91
2009-08-14;50.28;27.14
2009-08-17;48.59;26.01
2009-08-18;47.86;25.94
2009-08-19;47.67;25.84
2009-08-20;48;26.04
2009-08-21;48.23;26.34
2009-08-24;49.4;26.78
2009-08-25;49.82;26.83
2009-08-26;50.02;26.88
2009-08-27;50.23;26.93
2009-08-28;50.43;26.79
2009-08-31;49.7;26.31
2009-09-01;49.21;25.83
2009-09-02;48.4;25.68
2009-09-03;48.5;25.99
2009-09-04;47.88;26.02
2009-09-08;48.67;26.64
2009-09-09;48.22;26.26
2009-09-10;47.21;25.93
2009-09-11;46.4;25.4
2009-09-14;46.3;25.54
2009-09-15;46.25;25.61
2009-09-16;47;26.11
2009-09-17;46.4;25.68
2009-09-18;46.5;25.7
2009-09-21;45.5;25.06
2009-09-22;45;25.03
2009-09-23;44.64;24.98
2009-09-24;44.8;24.83
2009-09-25;43.4;24.14
2009-09-28;44.1;24.61
2009-09-29;43.6;24.32
2009-09-30;43.62;24.62
2009-10-01;43.72;24.45
2009-10-02;43.25;24.33
2009-10-05;43.28;24.58
2009-10-06;43.83;25.02
2009-10-07;44.1;25.11
2009-10-08;44.17;25.4
2009-10-09;44.17;25.43
2009-10-13;44.5;25.77
2009-10-14;44.6;26.19
2009-10-15;45.08;26.54
2009-10-16;44.25;25.88
2009-10-19;44.5;26.01
2009-10-20;44;25.23
2009-10-21;44;25.51
2009-10-22;44.13;25.58
2009-10-23;44.5;25.98
2009-10-26;43.42;24.95
2009-10-27;44.13;25.37
2009-10-28;43.41;24.73
2009-10-29;43.17;24.94
2009-10-30;43;24.49
2009-11-03;42.67;24.45
2009-11-04;43.83;25.37
2009-11-05;44.25;25.7
2009-11-06;43.73;25.44
2009-11-09;43.67;25.67
2009-11-10;42.83;24.95
2009-11-11;42.2;24.51
2009-11-12;42.5;24.45
2009-11-13;41.25;23.95
2009-11-16;42.25;24.71
2009-11-17;41.25;24.02
2009-11-18;40.63;23.66
2009-11-19;41.57;23.97
2009-11-20;41.86;24.14
2009-11-23;41.1;23.78
2009-11-24;40.9;23.57
2009-11-25;40.92;23.71
2009-11-26;41.08;23.48
2009-11-27;40.83;23.43
2009-11-30;40.92;23.33
2009-12-01;41.17;23.91
2009-12-02;40.95;23.78
2009-12-03;40.43;23.66
2009-12-04;40.58;23.52
2009-12-07;41.17;23.91
2009-12-08;41.83;23.8
2009-12-09;42;23.72
2009-12-10;41.5;23.5
2009-12-11;41.38;23.58
2009-12-14;41.67;23.92
2009-12-15;40.5;23.1
2009-12-16;41.38;23.64
2009-12-17;41.5;23.18
2009-12-18;41.67;23.37
2009-12-21;41.33;23.16
2009-12-22;41.33;23.19
2009-12-23;41.33;23.52
2009-12-28;42;24.12
2009-12-29;42;24.1
2009-12-30;42;24.1
2010-01-04;42;24.42
2010-01-05;42;24.26
2010-01-06;41.5;23.86
2010-01-07;42;24.07
2010-01-08;42;24.28
2010-01-11;40.4;23.27
2010-01-12;41;23.46
2010-01-13;41;23.3
2010-01-14;40;22.66
2010-01-15;40;22.57
2010-01-18;40;22.64
2010-01-19;39.6;22.35
2010-01-20;39.33;21.95
2010-01-21;39.13;21.74
2010-01-22;39.22;21.61
2010-01-25;39.4;21.64
2010-01-26;39.07;21.28
2010-01-27;39;20.98
2010-01-28;38.88;20.82
2010-01-29;38.8;20.58
2010-02-01;38.12;20.51
2010-02-02;38.04;20.79
2010-02-03;37.78;20.5
2010-02-04;37.66;20
2010-02-05;37.65;19.92
2010-02-08;38.09;20.33
2010-02-09;37.77;20.45
2010-02-10;37.93;20.51
2010-02-11;38.29;20.71
2010-02-12;38.42;20.62
2010-02-17;38.15;20.9
2010-02-18;38.17;20.95
2010-02-19;38.34;21.24
2010-02-22;38.45;21.25
2010-02-23;39.18;21.46
2010-02-24;38.97;21.34
2010-02-25;38.6;21.08
2010-02-26;38.73;21.44
2010-03-01;38.27;21.29
2010-03-02;38.06;21.36
2010-03-03;38.32;21.41
2010-03-04;37.54;20.95
2010-03-05;37;20.72
2010-03-08;36.99;20.69
2010-03-09;37.11;20.85
2010-03-10;37.25;21.03
2010-03-11;36.75;20.77
2010-03-12;36.38;20.65
2010-03-15;36.16;20.51
2010-03-16;36.54;20.72
2010-03-17;36.56;20.71
2010-03-18;36.97;20.7
2010-03-19;37.44;20.79
2010-03-22;38;21.11
2010-03-23;37.88;21.32
2010-03-24;37.53;20.85
2010-03-25;37.58;20.77
2010-03-26;37.76;20.68
2010-03-29;38.36;21.33
2010-03-30;38.04;21.19
2010-03-31;37.34;20.97
2010-04-01;36.31;20.53
2010-04-05;36.14;20.51
2010-04-06;36.23;20.65
2010-04-07;36.53;20.57
2010-04-08;36.91;20.76
2010-04-09;37.3;21.03
2010-04-12;37.3;21.23
2010-04-13;37.53;21.36
2010-04-14;37.23;21.31
2010-04-15;37.26;21.25
2010-04-16;37.66;21.4
2010-04-19;37.61;21.43
2010-04-20;37.7;21.51
2010-04-22;38.35;21.75
2010-04-23;38.74;22
2010-04-26;38.39;22
2010-04-27;38.04;21.55
2010-04-28;37.95;21.67
2010-04-29;37.84;21.85
2010-04-30;37.66;21.68
2010-05-03;37.67;21.77
2010-05-04;37.84;21.49
2010-05-05;38.43;21.39
2010-05-06;39.1;21.09
2010-05-07;38.97;21.08
2010-05-10;37.76;21.3
2010-05-11;37.62;21.07
2010-05-12;37.76;21.27
2010-05-13;37.83;21.29
2010-05-14;38.14;21.13
2010-05-17;38.05;21.02
2010-05-18;38.01;20.86
2010-05-19;38.63;21.03
2010-05-20;39.37;21.15
2010-05-21;39.04;20.98
2010-05-24;39.01;20.93
2010-05-25;39.07;20.91
2010-05-26;38.62;20.81
2010-05-27;38.58;21.13
2010-05-28;38.41;21.23
2010-05-31;38.44;21.12
2010-06-01;38.03;20.68
2010-06-02;38.39;21.02
2010-06-04;38.95;20.96
2010-06-07;39.07;20.79
2010-06-08;39.22;21.1
2010-06-09;39.32;21.29
2010-06-10;38.72;21.41
2010-06-11;38.34;21.11
2010-06-14;38.77;21.44
2010-06-15;38.8;21.64
2010-06-16;38.79;21.67
2010-06-17;38.69;21.61
2010-06-18;38.57;21.77
2010-06-21;38.59;21.76
2010-06-22;38.78;21.76
2010-06-23;39.36;21.98
2010-06-24;39.29;21.96
2010-06-25;39.07;21.96
2010-06-28;39.13;21.95
2010-06-29;39.57;21.86
2010-06-30;39.62;21.96
2010-07-01;39.55;22.04
2010-07-02;39.53;22.26
2010-07-05;39.39;22.17
2010-07-06;39.55;22.19
2010-07-07;39.86;22.57
2010-07-08;40.37;22.89
2010-07-09;40.57;23.05
2010-07-12;40.9;23.17
2010-07-13;41.07;23.43
2010-07-14;41.17;23.32
2010-07-15;41.55;23.45
2010-07-16;42.18;23.67
2010-07-19;42.44;23.75
2010-07-20;42.34;23.87
2010-07-21;42.51;23.81
2010-07-22;42.65;24.23
2010-07-23;42.43;24.12
2010-07-26;42.04;23.82
2010-07-27;42.01;23.73
2010-07-28;42.22;23.86
2010-07-29;42.75;24.27
2010-07-30;42.97;24.48
2010-08-02;43.02;24.57
2010-08-03;43;24.45
2010-08-04;43.18;24.55
2010-08-05;43.44;24.77
2010-08-06;43.57;24.75
2010-08-09;43.94;25.08
2010-08-10;43.83;24.92
2010-08-11;43.67;24.67
2010-08-12;44;24.86
2010-08-13;44.47;25.1
2010-08-16;44.41;25.27
2010-08-17;44.51;25.38
2010-08-18;44.46;25.36
2010-08-19;44.41;25.29
2010-08-20;43.93;24.98
2010-08-23;44.03;24.9
2010-08-24;43.49;24.64
2010-08-25;43.43;24.59
2010-08-26;43.55;24.72
2010-08-27;43.84;25.01
2010-08-30;44.08;25.04
2010-08-31;44.1;25.11
2010-09-01;43.69;25.01
2010-09-02;43.79;25.28
2010-09-03;44.07;25.43
2010-09-06;44.14;25.56
2010-09-08;44.52;25.82
2010-09-09;44.54;25.85
2010-09-10;44.32;25.76
2010-09-13;43.99;25.65
2010-09-14;44.22;25.9
2010-09-15;44.71;25.9
2010-09-16;44.27;25.83
2010-09-17;44.65;25.99
2010-09-20;45.26;26.18
2010-09-21;45.66;26.63
2010-09-22;45.6;26.48
2010-09-23;45.47;26.47
2010-09-24;45.5;26.59
2010-09-27;45.93;26.87
2010-09-28;45.69;26.72
2010-09-29;45.23;26.53
2010-09-30;44.46;26.28
2010-10-01;44.06;26.24
2010-10-04;43.31;25.61
2010-10-05;43.14;25.83
2010-10-06;43.46;25.87
2010-10-07;43.27;25.66
2010-10-08;44.35;26.59
2010-10-11;45.04;27.03
2010-10-13;45.5;27.54
2010-10-14;46.14;27.76
2010-10-15;46.18;27.74
2010-10-18;45.55;27.38
2010-10-19;45.94;27.25
2010-10-20;46.33;27.66
2010-10-21;46.67;27.53
2010-10-22;47;27.55
2010-10-25;47.36;27.86
2010-10-26;47.82;28.05
2010-10-27;47.54;27.64
2010-10-28;47.87;27.94
2010-10-29;47.9;28.14
2010-11-01;47.96;28.1
2010-11-03;47.94;28.22
2010-11-04;48.11;28.7
2010-11-05;48.38;28.81
2010-11-08;49.51;29.19
2010-11-09;50.75;29.87
2010-11-10;50.8;29.72
2010-11-11;51;29.7
2010-11-12;50.58;29.36
2010-11-16;48.56;27.91
2010-11-17;48.75;28.24
2010-11-18;48.44;28.28
2010-11-19;48.52;28.24
2010-11-22;49.13;28.43
2010-11-23;48.83;28.16
2010-11-24;49.2;28.55
2010-11-25;49.28;28.63
2010-11-26;49.13;28.41
2010-11-29;49.39;28.66
2010-11-30;49.2;28.69
2010-12-01;49.21;28.81
2010-12-02;49.48;29.07
2010-12-03;49.53;29.39
2010-12-06;49.7;29.6
2010-12-07;49.2;29.27
2010-12-08;49.5;29.24
2010-12-09;49.33;28.87
2010-12-10;49.09;28.66
2010-12-13;49.18;28.98
2010-12-14;49.81;29.42
2010-12-15;49.55;29.16
2010-12-16;49.65;29.17
2010-12-17;49.83;29.06
2010-12-20;49.4;28.94
2010-12-21;49.69;29.28
2010-12-22;49.71;29.31
2010-12-23;49.81;29.41
2010-12-27;49.71;29.43
2010-12-28;50.13;29.64
2010-12-29;50;29.78
2010-12-30;49.88;29.97
2011-01-03;49.88;30.23
2011-01-04;49.79;29.92
2011-01-05;49.71;29.7
2011-01-06;50.5;29.93
2011-01-07;50;29.69
2011-01-10;50.59;29.95
2011-01-11;50.55;29.96
2011-01-12;51.01;30.44
2011-01-13;51;30.56
2011-01-14;52;30.84
2011-01-17;51.28;30.47
2011-01-18;51.38;30.64
2011-01-19;50.8;30.38
2011-01-20;51.29;30.66
2011-01-21;51.5;30.8
2011-01-24;51.43;30.76
2011-01-25;51.4;30.76
2011-01-26;50.25;30.07
2011-01-27;50.08;29.83
2011-01-28;50.62;30.04
2011-01-31;51.31;30.65
2011-02-01;51.82;31.14
2011-02-02;51.83;31.08
2011-02-03;52.25;31.29
2011-02-04;51;30.43
2011-02-07;52.46;31.22
2011-02-08;52.97;31.78
2011-02-09;52.86;31.82
2011-02-10;53.03;31.74
2011-02-11;52.97;31.78
2011-02-14;52.64;31.54
2011-02-15;51.7;30.96
2011-02-16;51.19;30.62
2011-02-17;51.42;30.92
2011-02-18;51.31;30.84
2011-02-21;51.55;30.91
2011-02-22;50.01;29.89
2011-02-23;48.67;29.06
2011-02-24;48.6;29.21
2011-02-25;49.61;29.82
2011-02-28;49.9;30.01
2011-03-01;49.85;29.96
2011-03-02;50.62;30.49
2011-03-03;50.75;30.72
2011-03-04;50.89;30.94
2011-03-09;49.81;30.06
2011-03-10;49.7;29.92
2011-03-11;49.41;29.66
2011-03-14;49.2;29.6
2011-03-15;49.2;29.51
2011-03-16;47.61;28.44
2011-03-17;48.71;28.89
2011-03-18;50.35;30.15
2011-03-21;50.04;30.02
2011-03-22;49.81;29.95
2011-03-23;49.6;29.86
2011-03-24;49.03;29.57
2011-03-25;49.15;29.61
2011-03-28;49.09;29.54
2011-03-29;49.16;29.72
2011-03-30;49.16;30.18
2011-03-31;49.3;30.23
2011-04-01;48.99;30.39
2011-04-04;48.4;30.08
2011-04-05;48.4;30.08
2011-04-06;47.98;29.72
2011-04-07;48.5;30.62
2011-04-08;47;29.86
2011-04-11;47;29.73
2011-04-12;46.72;29.33
2011-04-13;46.64;29.31
2011-04-14;45.68;28.91
2011-04-15;45.69;28.95
2011-04-18;46.48;29.23
2011-04-19;46.48;29.49
2011-04-20;46.75;29.76
2011-04-25;47.09;29.94
2011-04-26;47.05;30.08
2011-04-27;47.28;30.09
2011-04-28;47.22;29.83
2011-04-29;47.23;30.02
2011-05-02;47.7;30.27
2011-05-03;47.5;29.89
2011-05-04;47;29.28
2011-05-05;46.31;28.5
2011-05-06;47;29.07
2011-05-09;47;29.01
2011-05-10;47;29.28
2011-05-11;46.75;28.86
2011-05-12;47.04;28.98
2011-05-13;47.08;28.83
2011-05-16;47.19;28.92
2011-05-17;47.64;29.37
2011-05-18;48.12;29.85
2011-05-19;48.18;29.8
2011-05-20;48.59;30.09
2011-05-23;48.63;29.8
2011-05-24;48.84;30.07
2011-05-25;49.06;30.12
2011-05-26;49.04;30.32
2011-05-27;48.59;30.35
2011-05-30;49;30.76
2011-05-31;49;31.01
2011-06-01;47.91;30.02
2011-06-02;48.55;30.76
2011-06-03;48.91;31.03
2011-06-06;48.94;30.91
2011-06-07;47.88;30.34
2011-06-08;48.48;30.63
2011-06-09;48.77;30.69
2011-06-10;48.2;30.18
2011-06-13;48.06;30.26
2011-06-14;48.77;30.83
2011-06-15;47.85;29.9
2011-06-16;47.89;29.74
2011-06-17;47.5;29.74
2011-06-20;47.5;29.78
2011-06-21;47.35;29.8
2011-06-22;47.35;29.8
2011-06-24;47.35;29.52
2011-06-27;47;29.45
2011-06-28;47.21;29.92
2011-06-29;47;29.9
2011-06-30;47;30.09
2011-07-01;46.13;29.63
2011-07-04;46.13;29.7
2011-07-05;47.06;30.07
2011-07-06;47.13;30.04
2011-07-07;47.16;30.31
2011-07-08;47.83;30.58
2011-07-11;48.13;30.44
2011-07-12;48.6;30.74
2011-07-13;48.98;31.1
2011-07-14;49.59;31.42
2011-07-15;49.62;31.51
2011-07-18;49.36;31.26
2011-07-19;49.56;31.63
2011-07-20;49.63;31.81
2011-07-21;48.73;31.34
2011-07-22;49.2;31.64
2011-07-25;49;31.76
2011-07-26;49;31.9
2011-07-27;49.75;31.91
2011-07-28;49.44;31.51
2011-07-29;48.52;31.24
2011-08-01;48.07;30.77
2011-08-02;48.52;30.95
2011-08-03;48.64;31.14
2011-08-04;48.25;30.5
2011-08-05;48.25;30.42
2011-08-08;47.78;29.64
2011-08-09;49.24;30.6
2011-08-10;48.64;30.08
2011-08-11;50.06;30.96
2011-08-12;50.02;31.01
2011-08-15;48.81;30.7
2011-08-16;48.5;30.5
2011-08-17;48.68;30.75
2011-08-18;48.75;30.43
2011-08-19;49;30.64
2011-08-22;49.34;30.78
2011-08-23;50.1;31.31
2011-08-24;50.1;31.12
2011-08-25;50.23;31.2
2011-08-26;50.75;31.62
2011-08-29;51.26;32.2
2011-08-30;51.2;32.24
2011-08-31;51.63;32.39
2011-09-01;51.72;32.13
2011-09-02;52.42;32.04
2011-09-05;52.42;31.77
2011-09-06;51.69;31.08
2011-09-08;51.63;31.16
2011-09-09;52.74;31.37
2011-09-12;52.5;30.61
2011-09-13;52.23;30.49
2011-09-14;53;30.81
2011-09-15;53;31.03
2011-09-16;51.5;29.77
2011-09-19;52.28;29.47
2011-09-20;52.84;29.45
2011-09-21;53.82;29.18
2011-09-22;53.13;27.86
2011-09-23;52.25;28.37
2011-09-26;51.14;27.9
2011-09-27;50.86;28.12
2011-09-28;50.86;27.84
2011-09-29;50;27
2011-09-30;48.64;25.87
2011-10-03;49;25.93
2011-10-04;48;25.41
2011-10-05;47.22;25.72
2011-10-06;47.22;26.42
2011-10-07;47.22;26.74
2011-10-10;47.22;26.68
2011-10-11;47.22;26.86
2011-10-13;48.24;27.55
2011-10-14;48.88;28.22
2011-10-17;48.99;27.77
2011-10-18;48.82;27.72
2011-10-19;48.41;27.29
2011-10-20;49.5;27.61
2011-10-21;49.22;27.65
2011-10-24;49.22;28.08
2011-10-25;48.5;27.49
2011-10-26;48.89;27.76
2011-10-27;49.2;28.87
2011-10-28;49.2;29.29
2011-10-31;49.2;29.04
2011-11-01;47;27.17
2011-11-03;48;27.57
2011-11-04;48.17;27.7
2011-11-07;48.17;27.51
2011-11-08;48.17;27.65
2011-11-09;48.17;27.29
2011-11-10;47.5;26.97
2011-11-11;47.5;27.24
2011-11-14;47.5;26.91
2011-11-16;48.23;27.22
2011-11-17;47.97;26.95
2011-11-18;47.12;26.59
2011-11-21;47.12;26.09
2011-11-22;47.12;26.09
2011-11-23;48;25.76
2011-11-24;47.6;25.21
2011-11-25;47.93;25.43
2011-11-28;47.82;25.76
2011-11-29;47.82;25.9
2011-11-30;47.82;26.43
2011-12-01;47.82;26.54
2011-12-02;47.82;26.69
2011-12-05;47.82;26.74
2011-12-06;47.82;26.64
2011-12-07;47.82;26.7
2011-12-08;47.82;26.33
2011-12-09;46.5;25.75
2011-12-12;46.5;25.22
2011-12-13;46.92;25.31
2011-12-14;46.92;25.04
2011-12-15;46.92;25.21
2011-12-16;47.5;25.59
2011-12-19;47.5;25.43
2011-12-20;47.5;25.77
2011-12-21;47.5;25.59
2011-12-22;47.5;25.65
2011-12-23;47.5;25.55
2011-12-26;47.5;25.55
2011-12-27;49.5;26.6
2011-12-28;49.5;26.41
2011-12-29;49.5;26.48
2012-01-02;49.5;26.47
2012-01-03;50.75;27.73
2012-01-04;50.75;27.75
2012-01-05;50.75;27.61
2012-01-06;50.75;27.37
2012-01-09;50.75;27.61
2012-01-10;50.75;28.15
2012-01-11;50.75;28.18
2012-01-12;50.75;28.43
2012-01-13;50.75;28.3
2012-01-16;50.75;28.43
2012-01-17;50.75;28.56
2012-01-18;47.5;26.91
2012-01-19;47.85;27.08
2012-01-20;47.85;27.2
2012-01-23;48.5;27.73
2012-01-24;48.73;27.76
2012-01-25;48.81;27.73
2012-01-26;48.5;27.84
2012-01-27;48.22;27.68
2012-01-30;48.22;27.57
2012-01-31;48.22;27.63
2012-02-01;48;27.7
2012-02-02;48;27.87
2012-02-03;48;27.96
2012-02-06;48;27.79
2012-02-07;48;27.84
2012-02-08;48.62;28.27
2012-02-09;48;27.94
2012-02-10;48;27.83
2012-02-13;48.46;28.24
2012-02-14;49.67;28.88
2012-02-15;50.18;29.1
2012-02-16;50.68;29.45
2012-02-17;50.5;29.48
2012-02-22;50.5;29.6
2012-02-23;50.5;29.51
2012-02-24;50.88;29.82
2012-02-27;50.17;29.37
2012-02-28;50.5;29.67
2012-02-29;50.5;29.43
2012-03-01;51.5;30.08
2012-03-02;52;30.01
2012-03-05;52.25;30.1
2012-03-06;53;30.11
2012-03-07;53;29.99
2012-03-08;53.25;30.08
2012-03-09;54.26;30.41
2012-03-12;54.93;30.43
2012-03-13;55.2;30.67
2012-03-14;55.75;30.82
2012-03-15;55.78;30.92
2012-03-16;56.02;31.09
2012-03-19;55.55;30.79
2012-03-20;55.68;30.57
2012-03-21;55.76;30.65
2012-03-22;55.76;30.57
2012-03-23;55.73;30.79
2012-03-26;56.3;31.02
2012-03-27;56.25;31.03
2012-03-28;56.54;30.93
2012-03-29;56.08;30.71
2012-03-30;57.8;31.64
2012-04-02;58.75;32.05
2012-04-03;58.24;31.79
2012-04-04;58.29;31.9
2012-04-05;58.88;32.25
2012-04-09;58.72;32.26
2012-04-10;59.17;32.31
2012-04-11;59.19;32.28
2012-04-12;59.77;32.71
2012-04-13;59.98;32.63
2012-04-16;59;32.05
2012-04-17;59.84;32.28
2012-04-18;60.1;32.02
2012-04-19;60.82;32.25
2012-04-20;60.5;32.3
2012-04-23;62;32.96
2012-04-24;61.75;32.79
2012-04-25;62.68;33.29
2012-04-26;62.73;33.28
2012-04-27;63.3;33.56
2012-04-30;63.19;33.15
2012-05-02;62.6;32.58
2012-05-03;63.88;33.36
2012-05-04;63.88;33.27
2012-05-07;63.74;33.18
2012-05-08;63.5;32.78
2012-05-09;63.29;32.26
2012-05-10;63.75;32.74
2012-05-11;62.81;32.18
2012-05-14;62.8;31.61
2012-05-15;63.82;31.91
2012-05-16;63.81;31.89
2012-05-17;64.33;32.18
2012-05-18;65.11;32.23
2012-05-21;65.44;32.04
2012-05-22;65.05;31.26
2012-05-23;64.25;31.45
2012-05-24;64.17;31.52
2012-05-25;64.17;32.12
2012-05-28;64.17;32.38
2012-05-29;62.78;31.59
2012-05-30;63;31.23
2012-05-31;63;31.23
2012-06-01;62.78;30.68
2012-06-04;63;30.72
2012-06-05;63.38;31.37
2012-06-06;63.76;31.42
2012-06-08;66.35;32.77
2012-06-11;67;32.68
2012-06-12;67;32.48
2012-06-13;67;32.34
2012-06-14;67.88;33
2012-06-15;66.85;32.75
2012-06-18;67.08;32.58
2012-06-19;68.17;33.58
2012-06-20;68.86;33.84
2012-06-21;69.27;33.74
2012-06-22;70;33.9
2012-06-25;71.88;34.79
2012-06-26;71.83;34.64
2012-06-27;72.91;35
2012-06-28;73;35.05
2012-06-29;73;36.32
2012-07-02;71.67;36.03
2012-07-03;71.67;35.57
2012-07-04;71.67;35.55
2012-07-05;71.67;35.36
2012-07-06;71.67;35.29
2012-07-09;71.67;35.29
2012-07-10;78.27;38.37
2012-07-11;79;38.8
2012-07-12;79;38.76
2012-07-13;79;38.78
2012-07-16;81;39.78
2012-07-17;81;39.96
2012-07-18;82.6;40.81
2012-07-19;82.6;40.97
2012-07-20;84.15;41.56
2012-07-23;84.15;41.27
2012-07-24;84.15;41.13
2012-07-25;84.15;41.33
2012-07-26;84.03;41.54
2012-07-27;84.03;41.52
2012-07-30;84.34;41.34
2012-07-31;84.34;41.2
2012-08-01;84.34;41.28
2012-08-02;83.34;40.65
2012-08-03;83;40.93
2012-08-06;83;40.93
2012-08-07;83;40.93
2012-08-08;83;41.05
2012-08-09;83;41.15
2012-08-10;84;41.67
2012-08-13;84;41.54
2012-08-14;84;41.44
2012-08-15;84;41.54
2012-08-16;84;41.6
2012-08-17;84;41.69
2012-08-20;83.63;41.44
2012-08-21;83.91;41.6
2012-08-22;85.12;42.14
2012-08-23;87.71;43.33
2012-08-24;89.9;44.42
2012-08-27;89.86;44.22
2012-08-28;89.85;43.98
2012-08-29;90.04;43.94
2012-08-30;90.32;44.15
2012-08-31;91.21;44.93
2012-09-03;91.2;44.88
2012-09-04;91.2;44.68
2012-09-05;92;45.12
2012-09-06;92;45.32
2012-09-10;90.5;44.69
2012-09-11;90.5;44.82
2012-09-12;90.1;44.43
2012-09-13;90.02;44.54
2012-09-14;90;44.71
2012-09-17;90;44.36
2012-09-18;90;44.51
2012-09-19;90;44.47
2012-09-20;90;44.49
2012-09-21;90;44.47
2012-09-24;79.2;39.09
2012-09-25;75.73;37.33
2012-09-26;75.73;37.21
2012-09-27;75.73;37.29
2012-09-28;75.73;37.32
2012-10-01;75.73;37.36
2012-10-02;75.73;37.36
2012-10-03;75.73;37.45
2012-10-04;75.73;37.51
2012-10-05;75.73;37.31
2012-10-08;75.73;37.32
2012-10-09;75.73;37.2
2012-10-10;75.73;37.12
2012-10-11;75.73;37.14
2012-10-15;75.73;37.23
2012-10-16;75.73;37.2
2012-10-17;75.73;37.29
2012-10-18;75.73;37.34
2012-10-19;75.73;37.34
2012-10-22;75.73;37.42
2012-10-23;75.73;37.36
2012-10-24;75.73;37.36
2012-10-25;75.73;37.38
2012-10-26;75.73;37.36
2012-10-29;75.73;37.25
2012-10-30;75.73;37.29
2012-10-31;75.73;37.31
2012-11-01;75.73;37.27
2012-11-05;75.73;37.21
2012-11-06;75.73;37.23
2012-11-07;75.73;37.21
2012-11-08;75.73;37.09
2012-11-09;75.73;36.98
2012-11-12;75.73;36.91
2012-11-13;75.73;36.51
2012-11-14;75.73;36.64
2012-11-16;75.73;36.41
2012-11-19;75.73;36.43
2012-11-20;75.73;36.32
2012-11-21;75.73;36.17
2012-11-22;75.73;36.11
2012-11-23;75.73;36.36
2012-11-26;75.73;36.37
2012-11-27;75.73;36.39
2012-11-28;75.73;36.27
2012-11-29;75.73;36.1
2012-11-30;75.73;35.6
2012-12-03;75.73;35.74
2012-12-04;75.73;35.77
2012-12-05;75.73;36.08
2012-12-06;75.73;36.43
2012-12-07;75.73;36.29
2012-12-10;75.73;36.44
2012-12-11;75.73;36.41
2012-12-12;75.73;36.51
2012-12-13;75.73;36.37
2012-12-14;75.73;36.27
2012-12-17;75.73;36.13
2012-12-18;75.73;36.25
2012-12-19;75.73;36.57
2012-12-20;75.73;36.73
2012-12-21;75.73;36.53
2012-12-26;75.73;36.85
2012-12-27;75.73;37.05
2012-12-28;75.73;37.03
2013-01-02;75.73;37.03
2013-01-03;75.73;37.2
2013-01-04;75.73;37.16
2013-01-07;75.73;37.29
2013-01-08;75.73;37.12
2013-01-09;75.73;37.16
2013-01-10;75.73;37.31
2013-01-11;75.73;37.2
2013-01-14;75.73;37.27
2013-01-15;75.73;37.2
2013-01-16;75.73;37.05
2013-01-17;75.73;37.07
2013-01-18;75.73;37.03
2013-01-21;75.73;37.09
2013-01-22;75.73;37.05
2013-01-23;64.63;31.71
2013-01-24;63.56;31.29
2013-01-25;63.56;31.31
2013-01-28;63.56;31.75
2013-01-29;63.56;32
2013-01-30;64.51;32.42
2013-01-31;64.51;32.47
2013-02-01;64.7;32.56
2013-02-04;63.43;31.82
2013-02-05;65;32.73
2013-02-06;64.57;32.46
2013-02-07;64.57;32.74
2013-02-08;64.57;32.74
2013-02-13;64.57;32.84
2013-02-14;64.57;32.96
2013-02-15;64.57;32.83
2013-02-18;64.57;32.89
2013-02-19;63.18;32.32
2013-02-20;64.19;32.69
2013-02-21;64.65;32.73
2013-02-22;64.5;32.71
2013-02-25;63;31.87
2013-02-26;62.5;31.5
2013-02-27;62.5;31.68
2013-02-28;62.5;31.63
2013-03-01;62.5;31.53
2013-03-04;62.36;31.53
2013-03-05;63.03;32.06
2013-03-06;63.5;32.25
2013-03-07;62.8;32.02
2013-03-08;62.5;32.05
2013-03-11;62.4;31.87
2013-03-12;62.5;31.86
2013-03-13;62;31.44
2013-03-14;61.81;31.26
2013-03-15;60.7;30.61
2013-03-18;60.7;30.52
2013-03-19;60.7;30.55
2013-03-20;60;30.12
2013-03-21;60.79;30.29
2013-03-22;61.19;30.38
2013-03-25;61.5;30.55
2013-03-26;61.78;30.63
2013-03-27;62;30.88
2013-03-28;62;30.66
2013-04-01;62;30.69
2013-04-02;59.31;29.33
2013-04-03;59.12;29.21
2013-04-04;59.12;29.34
2013-04-05;59.12;29.74
2013-04-08;58.76;29.53
2013-04-09;58.23;29.34
2013-04-10;58.23;29.44
2013-04-11;58.5;29.59
2013-04-12;59.18;30.04
2013-04-15;59.18;29.66
2013-04-16;59.25;29.71
2013-04-17;59.25;29.63
2013-04-18;60.05;29.76
2013-04-19;60;29.85
2013-04-22;59.8;29.6
2013-04-23;59.74;29.53
2013-04-24;59.12;29.31
2013-04-25;59.25;29.51
2013-04-26;59.93;29.98
2013-04-29;60.75;30.28
2013-04-30;60;29.97
2013-05-02;60;29.84
2013-05-03;60.75;30.19
2013-05-06;59.72;29.64
2013-05-07;60.57;30.2
2013-05-08;59.6;29.73
2013-05-09;59.72;29.67
2013-05-10;59.72;29.46
2013-05-13;60.3;30
2013-05-14;60;29.76
2013-05-15;60;29.62
2013-05-16;61.26;30.18
2013-05-17;62.12;30.48
2013-05-20;62.12;30.47
2013-05-21;62.12;30.48
2013-05-22;64.52;31.46
2013-05-23;64.52;31.53
2013-05-24;64.52;31.47
2013-05-27;64.52;31.38
2013-05-28;64.52;31.12
2013-05-29;64.52;30.58
2013-05-31;64.52;30.05
2013-06-03;64.52;30.32
2013-06-04;66.51;31.12
2013-06-05;68.06;31.92
2013-06-06;67;31.57
2013-06-07;67.79;31.74
2013-06-10;67.24;31.3
2013-06-11;68.64;32.12
2013-06-12;69.05;32.09
2013-06-13;69.05;32.24
2013-06-14;68.68;32.03
2013-06-17;68.68;31.62
2013-06-18;69.25;31.81
2013-06-19;70;31.75
2013-06-20;70.31;31.12
2013-06-21;70.96;31.62
2013-06-24;70.08;31.47
2013-06-25;69.91;31.63
2013-06-26;70.45;32.17
2013-06-27;69.15;31.5
2013-06-28;69.15;31
2013-07-01;69.64;31.23
2013-07-02;70;31.13
2013-07-03;70.13;30.91
2013-07-04;70.13;31.03
2013-07-05;70.27;31.06
2013-07-08;70;31
2013-07-09;70;30.92
2013-07-10;70.49;31.05
2013-07-11;70.26;31.12
2013-07-12;70.26;30.99
2013-07-15;69.32;31.11
2013-07-16;70.4;31.19
2013-07-17;70.4;31.56
2013-07-18;69.41;31.15
2013-07-19;70.57;31.52
2013-07-22;71.57;32.01
2013-07-23;71.83;32.3
2013-07-24;71.83;31.92
2013-07-25;65;28.97
2013-07-26;65;28.82
2013-07-29;65.03;28.66
2013-07-30;66.02;28.95
2013-07-31;66.77;29.31
2013-08-01;66.7;28.96
2013-08-02;66.7;29.27
2013-08-05;64.14;27.89
2013-08-06;64.92;28.24
2013-08-07;65.15;28.2
2013-08-08;64.97;28.44
2013-08-09;65;28.61
2013-08-12;66;28.86
2013-08-13;66.88;28.97
2013-08-14;67.94;29.25
2013-08-15;70;29.88
2013-08-16;70.65;29.54
2013-08-19;72.51;30.04
2013-08-20;72.34;30.22
2013-08-21;73.34;30.11
2013-08-22;73.7;30.23
2013-08-23;72.5;30.77
2013-08-26;75.3;31.53
2013-08-27;75.05;31.65
2013-08-28;74.86;31.94
2013-08-29;75.13;31.59
2013-08-30;73.67;30.91
2013-09-02;73.67;31.02
2013-09-03;74.57;31.6
2013-09-04;74.57;31.65
2013-09-05;74.91;32.25
2013-09-06;73.3;31.77
2013-09-09;74.32;32.64
2013-09-10;71.83;31.42
2013-09-11;73.83;32.48
2013-09-12;73.83;32.48
2013-09-13;76.55;33.56
2013-09-16;74.85;32.87
2013-09-17;74.85;33.13
2013-09-18;73.68;33.61
2013-09-19;73.68;33.46
2013-09-20;73.68;33.2
2013-09-23;72.09;32.77
2013-09-24;72.09;32.81
2013-09-25;71.64;32.17
2013-09-26;71.64;31.9
2013-09-27;71.64;31.71
2013-09-30;71.64;32.33
2013-10-01;70;31.49
2013-10-02;70;31.85
2013-10-03;72.22;32.81
2013-10-04;73.84;33.4
2013-10-07;73.84;33.46
2013-10-08;73.84;33.47
2013-10-09;73.84;33.47
2013-10-10;73.84;33.89
2013-10-11;73.84;33.9
2013-10-14;73.84;33.95
2013-10-15;73.84;33.81
2013-10-16;73.84;33.93
2013-10-17;73.84;34.15
2013-10-18;73.84;33.97
2013-10-21;73.84;33.9
2013-10-22;75;34.5
2013-10-23;75;34.26
2013-10-24;75;34.03
2013-10-25;75;34.26
2013-10-28;75;34.37
2013-10-29;75;34.39
2013-10-30;75;34.14
2013-10-31;75;33.62
2013-11-01;75;33.27
2013-11-04;75;33.39
2013-11-05;75;32.72
2013-11-06;75;32.87
2013-11-07;75;32.52
2013-11-08;75;32.4
2013-11-11;75;32.12
2013-11-12;75;32.13
2013-11-13;77.25;33.1
2013-11-14;77.25;33.3
2013-11-18;77.25;34.06
2013-11-19;77.25;33.94
2013-11-20;77.25;33.91
2013-11-21;77.25;33.49
2013-11-22;77.25;33.81
2013-11-25;77.25;33.82
2013-11-26;77.25;33.65
2013-11-27;77.25;33.33
2013-11-28;77.25;33.31
2013-11-29;77.25;33.07
2013-12-02;77.25;32.76
2013-12-03;77.25;32.5
2013-12-04;77.25;32.34
2013-12-05;77.25;32.69
2013-12-06;77.25;33.13
2013-12-09;77.25;33.3
2013-12-10;77.25;33.47
2013-12-11;77.25;32.98
2013-12-12;77.25;32.97
2013-12-13;77.25;33.08
2013-12-16;77.25;33.17
2013-12-17;77.25;33.28
2013-12-18;77.25;32.97
2013-12-19;77.25;32.87
2013-12-20;77.25;32.44
2013-12-23;77.25;32.72
2013-12-26;77.25;32.73
2013-12-27;77.25;32.98
2013-12-30;77.25;32.79
2014-01-02;77.25;32.31
2014-01-03;77.25;32.51
2014-01-06;77.25;32.5
2014-01-07;77.25;32.53
2014-01-08;77.25;32.32
2014-01-09;73.34;30.6
2014-01-10;73.34;31.01
2014-01-13;73.34;31.14
2014-01-14;73.34;31.13
2014-01-15;73.34;31.13
2014-01-16;73.34;31.04
2014-01-17;73.34;31.22
2014-01-20;73.34;31.36
2014-01-21;73.34;31.05
2014-01-22;68.15;28.77
2014-01-23;68;28.33
2014-01-24;68;28.37
2014-01-27;68;28.08
2014-01-28;68.32;28.15
2014-01-29;67.55;27.73
2014-01-30;67.89;28.1
2014-01-31;68.2;28.2
2014-02-03;66.94;27.49
2014-02-04;67.44;27.96
2014-02-05;67.88;28.29
2014-02-06;66.2;27.78
2014-02-07;66.2;27.83
2014-02-10;66.2;27.5
2014-02-11;66.2;27.55
2014-02-12;66.2;27.32
2014-02-13;66.2;27.51
2014-02-14;71.82;30.13
2014-02-17;71.82;30.09
2014-02-18;71.58;29.91
2014-02-19;72;30.1
2014-02-20;72;30.33
2014-02-21;71.6;30.39
2014-02-24;71.6;30.55
2014-02-25;72.21;30.87
2014-02-26;72.83;30.94
2014-02-27;73.67;31.73
2014-02-28;73.67;31.46
2014-03-05;73.67;31.78
2014-03-06;72.5;31.28
2014-03-07;74.27;31.62
2014-03-10;74.27;31.58
2014-03-11;73.21;30.98
2014-03-12;73.21;31.02
2014-03-13;72.24;30.55
2014-03-14;72.24;30.73
2014-03-17;72.24;30.75
2014-03-18;72.24;30.86
2014-03-19;72.73;30.92
2014-03-20;72.73;31.21
2014-03-21;72.73;31.3
2014-03-24;72.73;31.34
2014-03-25;70;30.34
2014-03-26;71.48;30.95
2014-03-27;70.09;30.92
2014-03-28;70.04;30.97
2014-03-31;70.5;31.1
2014-04-01;71.83;31.7
2014-04-02;71.88;31.64
2014-04-03;72;31.54
2014-04-04;72;32.09
2014-04-07;72;32.48
2014-04-08;69;31.29
2014-04-09;70.57;32.11
2014-04-10;69.77;31.7
2014-04-11;69.55;31.33
2014-04-14;69.38;31.3
2014-04-15;71.61;32.01
2014-04-16;71.99;32.12
2014-04-17;72;32.14
2014-04-22;72;32.11
2014-04-23;72;32.39
2014-04-24;69.51;31.35
2014-04-25;70.46;31.43
2014-04-28;71.53;32.12
2014-04-29;71.68;32.1
2014-04-30;71.46;31.99
2014-05-02;71.46;32.17
2014-05-05;69.85;31.09
2014-05-06;69.37;31.15
2014-05-07;69.07;31.11
2014-05-08;69.81;31.57
2014-05-09;70.42;31.76
2014-05-12;70.52;31.78
2014-05-13;69.99;31.6
2014-05-14;70.28;31.84
2014-05-15;70.42;31.69
2014-05-16;70.03;31.64
2014-05-19;70.49;31.92
2014-05-20;71.12;32.06
2014-05-21;70.9;32.1
2014-05-22;72.13;32.55
2014-05-23;71.77;32.27
2014-05-26;71.77;32.27
2014-05-27;71.89;32.08
2014-05-28;71.46;32
2014-05-29;71.44;32.12
2014-05-30;71.41;31.88
2014-06-02;72.09;31.72
2014-06-03;72.22;31.69
2014-06-04;72.5;31.74
2014-06-05;72.01;31.8
2014-06-06;72.01;32.03
2014-06-09;70.5;31.63
2014-06-10;70.5;31.66
2014-06-11;70.5;31.53
2014-06-12;70.5;31.57
2014-06-13;70.83;31.76
2014-06-16;70.14;31.37
2014-06-17;70.14;31.09
2014-06-18;70.22;31.49
2014-06-20;70.5;31.6
2014-06-23;70.5;31.79
2014-06-24;70.31;31.58
2014-06-25;70.31;31.87
2014-06-26;70.46;32.06
2014-06-27;70.46;32.06
2014-06-30;70.46;31.85
2014-07-01;69.72;31.62
2014-07-02;69.72;31.35
2014-07-03;69.49;31.38
2014-07-04;69.49;31.37
2014-07-07;69.49;31.23
2014-07-08;69.49;31.39
2014-07-09;69.49;31.34
2014-07-10;69.49;31.29
2014-07-11;69.49;31.27
2014-07-14;66;29.82
2014-07-15;65.13;29.31
2014-07-16;65.01;29.26
2014-07-17;65.42;29.08
2014-07-18;65.21;29.24
2014-07-21;65.06;29.27
2014-07-22;65.06;29.43
2014-07-23;65.57;29.54
2014-07-24;66.06;29.76
2014-07-25;66.06;29.65
2014-07-28;66.85;30.07
2014-07-29;66.85;29.98
2014-07-30;66.85;29.74
2014-07-31;66.85;29.45
2014-08-01;66.85;29.57
2014-08-04;66.85;29.59
2014-08-05;66.08;28.92
2014-08-06;66.08;29.07
2014-08-07;66.08;28.77
2014-08-08;67.13;29.38
2014-08-11;67.13;29.52
2014-08-12;67.13;29.46
2014-08-13;67.13;29.42
2014-08-14;67.13;29.56
2014-08-15;67.13;29.65
2014-08-18;67.13;29.73
2014-08-19;67.44;29.96
2014-08-20;67.51;29.87
2014-08-21;67.84;29.94
2014-08-22;67.43;29.57
2014-08-25;67.43;29.5
2014-08-26;67.43;29.76
2014-08-27;67.43;29.93
2014-08-28;67.43;30.06
2014-08-29;67.43;30.08
2014-09-01;67.43;30.08
2014-09-02;67.43;30.05
2014-09-03;67.43;30.17
2014-09-04;62.94;28.05
2014-09-05;62.94;28.06
2014-09-08;62.94;27.78
2014-09-09;62.94;27.51
2014-09-10;62.94;27.48
2014-09-11;62.94;27.46
2014-09-12;62.94;26.92
2014-09-15;62.94;26.87
2014-09-16;62.94;27.02
2014-09-17;62.94;26.73
2014-09-18;62.04;26.23
2014-09-19;62.04;26.09
2014-09-22;62.04;25.9
2014-09-23;61.81;25.67
2014-09-24;61.81;25.92
2014-09-25;61.81;25.44
2014-09-26;61.81;25.6
2014-09-29;61.17;24.96
2014-09-30;61.17;24.97
2014-10-01;61.17;24.63
2014-10-02;61.17;24.59
2014-10-03;61.17;24.74
2014-10-06;61.17;25.18
2014-10-07;61.17;25.42
2014-10-08;61.17;25.69
2014-10-09;61.17;25.62
2014-10-10;61.17;25.3
2014-10-13;61.17;25.6
2014-10-14;61.17;25.47
2014-10-15;61.17;25.09
2014-10-16;61.17;24.78
2014-10-17;61.17;25.11
2014-10-20;61.17;24.85
2014-10-21;61.17;24.73
2014-10-22;61.17;24.59
2014-10-23;61.17;24.38
2014-10-24;61.17;24.84
2014-10-27;61.17;24.22
2014-10-28;61.17;24.75
2014-10-29;61.17;24.82
2014-10-30;61.17;25.35
2014-10-31;61.17;24.75
2014-11-03;61.17;24.44
2014-11-04;61.17;24.38
2014-11-05;61.17;24.34
2014-11-06;61.17;23.99
2014-11-07;61.17;23.84
2014-11-10;61.17;23.94
2014-11-11;61.17;23.87
2014-11-12;61.17;23.89
2014-11-13;61.17;23.56
2014-11-14;61.17;23.58
2014-11-17;61.17;23.51
2014-11-18;61.17;23.63
2014-11-19;61.17;23.71
2014-11-20;61.17;23.78
2014-11-21;61.17;24.33
2014-11-24;61.17;23.99
2014-11-25;61.17;24.1
2014-11-26;61.17;24.42
2014-11-27;61.17;24.28
2014-11-28;61.17;23.83
2014-12-01;61.17;23.96
2014-12-02;61.17;23.76
2014-12-03;61.17;23.94
2014-12-04;61.17;23.65
2014-12-05;61.17;23.56
2014-12-08;61.17;23.43
2014-12-09;61.17;23.57
2014-12-10;61.17;23.42
2014-12-11;61.17;23.07
2014-12-12;61.17;23
2014-12-15;61.17;22.77
2014-12-16;61.17;22.32
2014-12-17;61.17;22.64
2014-12-18;61.17;23.05
2014-12-19;61.17;23.03
2014-12-22;61.17;22.98
2014-12-23;61.17;22.6
2014-12-26;61.17;22.85
2014-12-29;61.17;22.62
2014-12-30;61.17;23.04
2015-01-02;61.17;22.72
2015-01-05;61.17;22.52
2015-01-06;61.17;22.67
2015-01-07;61.17;22.6
2015-01-08;61.17;22.93
2015-01-09;61.17;23.18
2015-01-12;61.17;22.93
2015-01-13;61.17;23.23
2015-01-14;61.17;23.35
2015-01-15;61.17;23.22
2015-01-16;61.17;23.34
2015-01-19;61.17;23.08
2015-01-20;61.17;23.38
2015-01-21;61.17;23.47
2015-01-22;61.17;23.75
2015-01-23;61.17;23.69
2015-01-26;61.17;23.65
2015-01-27;61.03;23.74
2015-01-28;61.03;23.7
2015-01-29;61.03;23.4
2015-01-30;61.03;22.73
2015-02-02;61.5;22.67
2015-02-03;62.21;23.09
2015-02-04;61.98;22.56
2015-02-05;61.98;22.6
2015-02-06;62.35;22.49
2015-02-09;63;22.66
2015-02-10;63;22.25
2015-02-11;63;21.95
2015-02-12;63;22.25
2015-02-13;63;22.22
2015-02-18;63;22.15
2015-02-19;65;22.69
2015-02-20;65.83;22.92
2015-02-23;65.83;22.91
2015-02-24;65.28;23.03
2015-02-25;65.28;22.75
2015-02-26;65.84;22.88
2015-02-27;65.84;23.05
2015-03-02;65.84;22.76
2015-03-03;65.84;22.56
2015-03-04;65.84;22.1
2015-03-05;65.84;21.88
2015-03-06;65.84;21.59
2015-03-09;65.84;21.08
2015-03-10;67.32;21.65
2015-03-11;67.32;21.54
2015-03-12;67.32;21.34
2015-03-13;67.32;20.65
2015-03-16;67.32;20.74
2015-03-17;67.32;20.74
2015-03-18;67.32;20.94
2015-03-19;67.32;20.43
2015-03-20;69.44;21.45
2015-03-23;69.81;22.16
2015-03-24;69.81;22.34
2015-03-25;69.95;21.88
2015-03-26;69.95;21.94
2015-03-27;69.95;21.62
2015-03-30;70.65;21.95
2015-03-31;70.65;22.08
2015-04-01;70.65;22.27
2015-04-02;70.65;22.59
2015-04-06;70.65;22.61
2015-04-07;70.65;22.62
2015-04-08;70.65;23.13
2015-04-09;70.65;23.03
2015-04-10;70.65;22.89
2015-04-13;70.65;22.64
2015-04-14;70.65;23.07
2015-04-15;70.65;23.24
2015-04-16;70.65;23.47
2015-04-17;70.65;23.21
2015-04-20;70.65;23.36
2015-04-22;70.65;23.46
2015-04-23;70.65;23.72
2015-04-24;70.65;23.89
2015-04-27;65.09;22.3
2015-04-28;65.01;22.11
2015-04-29;65.01;22.01
2015-04-30;65.01;21.6
2015-05-04;67.73;21.94
2015-05-05;68.4;22.26
2015-05-06;68.63;22.55
2015-05-07;67.98;22.48
2015-05-08;66.43;22.28
2015-05-11;67.37;22.1
2015-05-12;67.37;22.28
2015-05-13;65.84;21.67
2015-05-14;65.44;21.84
2015-05-15;65.07;21.72
2015-05-18;66.22;21.94
2015-05-19;65.98;21.71
2015-05-20;65.01;21.63
2015-05-21;64.98;21.37
2015-05-22;65.6;21.24
2015-05-25;65.4;21.1
2015-05-26;66.79;21.19
2015-05-27;67.08;21.33
2015-05-28;66.95;21.18
2015-05-29;67.9;21.32
2015-06-01;67.45;21.24
2015-06-02;67.48;21.53
2015-06-03;66.88;21.35
2015-06-05;67.98;21.58
2015-06-08;67.03;21.54
2015-06-09;66.76;21.55
2015-06-10;67.57;21.68
2015-06-11;67.37;21.7
2015-06-12;66.75;21.43
2015-06-15;66.23;21.17
2015-06-16;66.76;21.59
2015-06-17;67.68;22.11
2015-06-18;67.63;22.14
2015-06-19;67.87;21.89
2015-06-22;68.11;22.1
2015-06-23;68.17;22.11
2015-06-24;67.97;21.96
2015-06-25;69.79;22.37
2015-06-26;69.81;22.32
2015-06-29;69.96;22.47
2015-06-30;70.16;22.57
2015-07-01;70.22;22.33
2015-07-02;71.27;23.01
2015-07-03;70.38;22.44
2015-07-06;71.13;22.59
2015-07-07;71.67;22.52
2015-07-08;71.68;22.21
2015-07-09;71.85;22.3
2015-07-10;71.91;22.71
2015-07-13;72.18;23.04
2015-07-14;71.78;22.87
2015-07-15;71.93;22.96
2015-07-16;72.62;23.03
2015-07-17;72.86;22.83
2015-07-20;72.78;22.75
2015-07-21;73.05;23.06
2015-07-22;73.2;22.68
2015-07-23;74.83;22.74
2015-07-24;75.19;22.45
2015-07-27;74.42;22.14
2015-07-28;74.72;22.17
2015-07-29;74.82;22.47
2015-07-30;75.91;22.46
2015-07-31;76.13;22.28
2015-08-03;76.29;22.11
2015-08-04;76.73;22.18
2015-08-05;77.84;22.31
2015-08-06;78.5;22.2
2015-08-07;78.44;22.35
2015-08-10;79.29;22.98
2015-08-11;79.53;22.72
2015-08-12;79.53;22.9
2015-08-13;79.53;22.67
2015-08-14;79.53;22.82
2015-08-17;75.63;21.7
2015-08-18;74.66;21.53
2015-08-19;73.92;21.23
2015-08-20;75.77;21.95
2015-08-21;75.77;21.69
2015-08-24;76.25;21.42
2015-08-25;76.68;21.35
2015-08-26;77.67;21.56
2015-08-27;77.67;21.8
2015-08-28;77.2;21.54
2015-08-31;77.49;21.33
2015-09-01;77.62;21.03
2015-09-02;78.6;20.94
2015-09-03;79.31;21.13
2015-09-04;79.51;20.65
2015-09-08;80.06;20.97
2015-09-09;80;21.06
2015-09-10;80.23;20.78
2015-09-11;80.03;20.63
2015-09-14;81.77;21.41
2015-09-15;81.33;21.09
2015-09-16;81.6;21.29
2015-09-17;80.19;20.76
2015-09-18;80.33;20.34
2015-09-21;81.43;20.47
2015-09-22;82.67;20.41
2015-09-23;83.45;20.18
2015-09-24;84.74;20.94
2015-09-25;83.27;20.98
2015-09-28;83.23;20.4
2015-09-29;84.63;20.83
2015-09-30;84.25;21.2
2015-10-01;83.65;20.97
2015-10-02;82.59;20.95
2015-10-05;82.38;21.11
2015-10-06;82.27;21.4
2015-10-07;80.8;20.85
2015-10-08;80.28;21.07
2015-10-09;79.49;21.19
2015-10-13;80.79;20.87
2015-10-14;81.99;21.47
2015-10-15;81.85;21.54
2015-10-16;81.72;21.28
2015-10-19;81.95;21.07
2015-10-20;82.33;21.08
2015-10-21;83.65;21.2
2015-10-22;83.45;21.26
2015-10-23;83.08;21.39
2015-10-26;82.07;20.98
2015-10-27;81.78;20.98
2015-10-28;81.57;20.79
2015-10-29;82.44;21.37
2015-10-30;81.4;21.07
2015-11-03;81.37;21.62
2015-11-04;79.58;20.94
2015-11-05;80.63;21.34
2015-11-06;79.88;21.13
2015-11-09;79.12;20.82
2015-11-10;80.05;21.11
2015-11-11;79.02;20.95
2015-11-12;78.81;20.95
2015-11-13;79.27;20.7
2015-11-16;80.24;21.04
2015-11-17;80.21;20.99
2015-11-18;80.44;21.3
2015-11-19;79.97;21.38
2015-11-20;79.93;21.62
2015-11-23;79.56;21.32
2015-11-24;79.15;21.41
2015-11-25;80.41;21.44
2015-11-26;79.85;21.29
2015-11-27;80.11;21.05
2015-11-30;81.86;21.07
2015-12-01;81.09;20.99
2015-12-02;80.68;20.98
2015-12-03;80.3;21.41
2015-12-04;80.64;21.61
2015-12-07;80.24;21.31
2015-12-08;79.7;20.91
2015-12-09;80.18;21.42
2015-12-10;80.01;21.02
2015-12-11;80.27;20.76
2015-12-14;80.66;20.74
2015-12-15;80.77;20.81
2015-12-16;80.78;20.6
2015-12-17;80.8;20.76
2015-12-18;80.79;20.47
2015-12-21;81.27;20.25
2015-12-22;81.45;20.4
2015-12-23;81.37;20.59
2015-12-28;81.44;21.06
2015-12-29;81.37;20.97
2015-12-30;81.35;20.55
2016-01-04;81.64;20.17
2016-01-05;82.26;20.61
2016-01-06;81.84;20.37
2016-01-07;82.35;20.36
2016-01-08;83.16;20.61
2016-01-11;83.35;20.59
2016-01-12;85.7;21.21
2016-01-13;85.59;21.39
2016-01-14;85.05;21.29
2016-01-15;84.42;20.85
2016-01-18;83.98;20.83
2016-01-19;83.48;20.62
2016-01-20;82.39;20.02
2016-01-21;83.31;20.06
2016-01-22;82.94;20.19
2016-01-25;81.49;19.85
2016-01-26;80.91;19.9
2016-01-27;80.44;19.7
2016-01-28;80.73;19.83
2016-01-29;79.89;19.85
2016-02-01;79.32;19.98
2016-02-02;79.82;20.05
2016-02-03;79.67;20.31
2016-02-04;77.44;19.9
2016-02-05;76.69;19.6
2016-02-10;76.06;19.33
2016-02-11;76.88;19.33
2016-02-12;77.26;19.34
2016-02-15;77.54;19.42
2016-02-16;78.99;19.44
2016-02-17;78.96;19.86
2016-02-18;78.39;19.41
2016-02-19;78.92;19.54
2016-02-22;77.82;19.74
2016-02-23;77.07;19.46
2016-02-24;77.5;19.6
2016-02-25;76.56;19.43
2016-02-26;77.16;19.31
2016-02-29;76.71;19.2
2016-03-01;76.34;19.36
2016-03-02;75.3;19.35
2016-03-03;74.1;19.43
2016-03-04;73.58;19.52
2016-03-07;74.4;19.64
2016-03-08;74.63;19.89
2016-03-09;74.04;20.01
2016-03-10;73.45;20.17
2016-03-11;73.56;20.42
2016-03-14;73.45;20.15
2016-03-15;74.5;19.84
2016-03-16;75.15;20.05
2016-03-17;74.4;20.41
2016-03-18;73.74;20.54
2016-03-21;73.69;20.41
2016-03-22;74.63;20.78
2016-03-23;74.97;20.41
2016-03-24;75.74;20.53
2016-03-28;75.07;20.69
2016-03-29;75.65;20.82
2016-03-30;74.88;20.68
2016-03-31;74.34;20.63
2016-04-01;75;21.01
2016-04-04;74.9;20.79
2016-04-05;75.81;20.66
2016-04-06;76.03;20.84
2016-04-07;76.81;20.82
2016-04-08;75.45;20.94
2016-04-11;74.84;21.41
2016-04-12;75.42;21.47
2016-04-13;76.32;21.87
2016-04-14;76.42;21.95
2016-04-15;76.75;21.84
2016-04-18;78.53;21.79
2016-04-19;78.77;22.28
2016-04-20;79.76;22.59
2016-04-22;79.65;22.29
2016-04-25;81.7;23.01
2016-04-26;81.14;23.03
2016-04-27;82.66;23.47
2016-04-28;82.98;23.73
2016-04-29;81.91;23.82
2016-05-02;82.79;23.72
2016-05-03;84.55;23.72
2016-05-04;84.09;23.8
2016-05-05;83.42;23.52
2016-05-06;82.98;23.72
2016-05-09;83.09;23.56
2016-05-10;85.66;24.69
2016-05-11;85.55;24.83
2016-05-12;85.5;24.64
2016-05-13;85.79;24.36
2016-05-16;85.47;24.45
2016-05-17;86.05;24.67
2016-05-18;86.18;24.21
2016-05-19;87.32;24.47
2016-05-20;87.4;24.69
2016-05-23;87.91;24.55
2016-05-24;88.65;24.76
2016-05-25;89.31;24.83
2016-05-27;90.61;25.13
2016-05-30;90.84;25.41
2016-05-31;91.77;25.36
2016-06-01;92.61;25.78
2016-06-02;94.7;26.42
2016-06-03;96.26;27.29
2016-06-06;95.47;27.33
2016-06-07;95.48;27.68
2016-06-08;96.37;28.59
2016-06-09;96.3;28.36
2016-06-10;96.88;28.26
2016-06-13;97.51;28.03
2016-06-14;97.61;27.97
2016-06-15;97.44;28.13
2016-06-16;96.16;27.72
2016-06-17;96.78;28.28
2016-06-20;95.97;28.25
2016-06-21;94.85;27.89
2016-06-22;94.75;28.07
2016-06-23;93.81;28.01
2016-06-24;92.66;27.46
2016-06-27;94.17;27.72
2016-06-28;93.93;28.44
2016-06-29;92.42;28.56
2016-06-30;92.01;28.63
2016-07-01;92.31;28.57
2016-07-04;92.48;28.33
2016-07-05;91.18;27.62
2016-07-06;89.98;26.97
2016-07-07;89.04;26.51
2016-07-08;87.65;26.66
2016-07-11;89.12;26.93
2016-07-12;89.05;27.08
2016-07-13;91.18;27.82
2016-07-14;90.54;27.84
2016-07-15;89.17;27.42
2016-07-18;87.69;26.99
2016-07-19;86.37;26.52
2016-07-20;86.14;26.51
2016-07-21;85.28;25.97
2016-07-22;83.76;25.69
2016-07-25;82.58;25.1
2016-07-26;82.89;25.34
2016-07-27;83.01;25.42
2016-07-28;83.3;25.3
2016-07-29;84.03;25.94
2016-08-01;82.77;25.3
2016-08-02;81.5;24.94
2016-08-03;82.9;25.6
2016-08-04;81.45;25.46
2016-08-05;80.78;25.52
2016-08-08;80.81;25.53
2016-08-09;80.55;25.68
2016-08-10;79.62;25.5
2016-08-11;79.8;25.43
2016-08-12;79.9;25.07
2016-08-15;81.06;25.48
2016-08-16;81.62;25.63
2016-08-17;83.42;25.99
2016-08-18;83.54;25.79
2016-08-19;83.22;25.93
2016-08-22;83.42;26.04
2016-08-23;83.52;25.84
2016-08-24;83.36;25.85
2016-08-25;82.46;25.55
2016-08-26;81.52;24.93
2016-08-29;81.89;25.33
2016-08-30;80.62;24.84
2016-08-31;79.19;24.57
2016-09-01;79.47;24.47
2016-09-02;79.64;24.51
2016-09-05;79.8;24.34
2016-09-06;79.89;24.9
2016-09-08;79.92;24.89
2016-09-09;81.63;24.92
2016-09-12;80.85;24.91
2016-09-13;80.38;24.25
2016-09-14;80.1;24
2016-09-15;80.27;24.28
2016-09-16;80.18;24.56
2016-09-19;80.12;24.49
2016-09-20;80.2;24.66
2016-09-21;79.84;24.85
2016-09-22;79.11;24.58
2016-09-23;78.52;24.26
2016-09-26;78.11;24.06
2016-09-27;77.78;24.09
2016-09-28;77.95;24.17
2016-09-29;77.97;23.94
2016-09-30;77.77;23.92
2016-10-03;77.67;24.27
2016-10-04;77.47;23.8
2016-10-05;77.58;24.09
2016-10-06;77.32;23.98
2016-10-07;77.01;23.95
2016-10-10;76.82;23.98
2016-10-11;76.4;23.89
2016-10-13;75.83;23.85
2016-10-14;75.81;23.67
2016-10-17;75.86;23.68
2016-10-18;76.79;24.14
2016-10-19;76.36;24.09
2016-10-20;76.27;24.31
2016-10-21;76.37;24.13
2016-10-24;76.33;24.47
2016-10-25;76.1;24.49
2016-10-26;76.06;24.2
2016-10-27;77.12;24.46
2016-10-28;77.89;24.36
2016-10-31;77.01;24.18
2016-11-01;77;23.77
2016-11-03;76.86;23.75
2016-11-04;76.49;23.75
2016-11-07;76.55;23.88
2016-11-08;76.54;24.13
2016-11-09;77.03;23.97
2016-11-10;78.04;23.21
2016-11-11;78.93;23.16
2016-11-14;78.91;22.93
2016-11-16;77.94;22.74
2016-11-17;78.1;22.84
2016-11-18;78.09;23.1
2016-11-21;78.03;23.28
2016-11-22;78.71;23.44
2016-11-23;78.99;23.31
2016-11-24;79.28;23.39
2016-11-25;79.91;23.41
2016-11-28;80.12;23.68
2016-11-29;79.94;23.53
2016-11-30;79.99;23.62
2016-12-01;79.77;22.98
2016-12-02;80.08;23.12
2016-12-05;80.17;23.39
2016-12-06;80.39;23.6
2016-12-07;79.86;23.4
2016-12-08;79.84;23.59
2016-12-09;79.6;23.64
2016-12-12;79.41;23.73
2016-12-13;79.08;23.79
2016-12-14;78.59;23.52
2016-12-15;79.12;23.46
2016-12-16;79.59;23.47
2016-12-19;79.01;23.43
2016-12-20;78.44;23.44
2016-12-21;77.31;23.23
2016-12-22;76.77;23.29
2016-12-23;75.81;23.18
2016-12-26;76.17;23.25
2016-12-27;76.37;23.31
2016-12-28;75.95;23.14
2016-12-29;75.68;23.29
2017-01-02;77.22;23.51
2017-01-03;75.48;23.18
2017-01-04;74.52;23.13
2017-01-05;74.82;23.4
2017-01-06;74.3;23.06
2017-01-09;74.06;23.18
2017-01-10;74.48;23.32
2017-01-11;74.89;23.52
2017-01-12;74.89;23.62
2017-01-13;76.21;23.72
2017-01-16;76.49;23.64
2017-01-17;78.61;24.49
2017-01-18;79.29;24.63
2017-01-19;79.6;24.9
2017-01-20;78.59;24.73
2017-01-23;76.9;24.28
2017-01-24;76.62;24.18
2017-01-25;76.4;24.11
2017-01-26;76.11;23.94
2017-01-27;76.08;24.13
2017-01-30;73.75;23.66
2017-01-31;73.43;23.33
2017-02-01;74.17;23.55
2017-02-02;73.77;23.66
2017-02-03;73.8;23.7
2017-02-06;73.78;23.62
2017-02-07;74.23;23.78
2017-02-08;74.89;24.03
2017-02-09;74.77;23.89
2017-02-10;74.88;24.1
2017-02-13;75.03;24.12
2017-02-14;74.55;24.07
2017-02-15;73.83;24.08
2017-02-16;74.01;24.05
2017-02-17;73.57;23.79
2017-02-20;73.63;23.87
2017-02-21;74.29;24.06
2017-02-22;72.61;23.66
2017-02-23;71.8;23.46
2017-02-24;71.9;23.12
2017-03-01;72.41;23.4
2017-03-02;72.48;23.03
2017-03-03;72.64;23.32
2017-03-06;72.64;23.25
2017-03-07;72.08;23.14
2017-03-08;72.37;22.89
2017-03-09;72.38;22.67
2017-03-10;71.7;22.84
2017-03-13;71.08;22.55
2017-03-14;70.82;22.3
2017-03-15;70.85;22.75
2017-03-16;70.01;22.44
2017-03-17;69.41;22.4
2017-03-20;69.24;22.56
2017-03-21;69.24;22.45
2017-03-22;68.78;22.22
2017-03-23;68.86;21.96
2017-03-24;68.33;21.99
2017-03-27;67.12;21.44
2017-03-28;67.24;21.41
2017-03-29;67.06;21.51
2017-03-30;66.66;21.25
2017-03-31;66.74;21.34
2017-04-03;65.05;20.9
2017-04-04;64.42;20.79
2017-04-05;64.25;20.7
2017-04-06;64.34;20.46
2017-04-07;64.43;20.43
2017-04-10;64.62;20.61
2017-04-11;64.77;20.56
2017-04-12;65.91;20.94
2017-04-13;66.24;21.06
2017-04-17;65.43;21.09
2017-04-18;65.19;20.89
2017-04-19;66.31;21.12
2017-04-20;66.78;21.17
2017-04-24;66.7;21.3
2017-04-25;67.63;21.46
2017-04-26;67.57;21.28
2017-04-27;67.3;21.2
2017-04-28;67.82;21.37
2017-05-02;68.26;21.64
2017-05-03;67.87;21.5
2017-05-04;69.08;21.69
2017-05-05;69.71;21.96
2017-05-08;69.32;21.68
2017-05-09;69.87;21.95
2017-05-10;69.42;21.93
2017-05-11;68.95;21.87
2017-05-12;68.11;21.79
2017-05-15;67.72;21.79
2017-05-16;67.56;21.81
2017-05-17;68.33;21.89
2017-05-18;71.2;21.05
2017-05-19;70.04;21.48
2017-05-22;69.94;21.33
2017-05-23;69.48;21.29
2017-05-24;69.77;21.28
2017-05-25;69.64;21.17
2017-05-26;68.92;21.09
2017-05-29;68.36;20.9
2017-05-30;67.49;20.69
2017-05-31;67.57;20.87
2017-06-01;67.23;20.7
2017-06-02;67.37;20.72
2017-06-05;68.08;20.71
2017-06-06;68.55;20.91
2017-06-07;68.88;21.02
2017-06-08;69.49;21.3
2017-06-09;69.35;21.13
2017-06-12;69.54;20.99
2017-06-13;70.08;21.21
2017-06-14;69.45;21.12
2017-06-16;69.53;21.15
2017-06-19;69.93;21.26
2017-06-20;69.86;20.95
2017-06-21;69.74;20.94
2017-06-22;68.94;20.69
2017-06-23;68.44;20.5
2017-06-26;68.11;20.63
2017-06-27;68.61;20.68
2017-06-28;68.13;20.74
2017-06-29;68.78;20.82
2017-06-30;69.88;21.1
2017-07-03;71.48;21.66
2017-07-04;71.37;21.57
2017-07-05;72.28;21.94
2017-07-06;72.23;21.89
2017-07-07;73.23;22.3
2017-07-10;73.88;22.66
2017-07-11;74.4;22.86
2017-07-12;73.73;23
2017-07-13;72.58;22.6
2017-07-14;71.12;22.36
2017-07-17;71.51;22.47
2017-07-18;71.75;22.74
2017-07-19;71.72;22.8
2017-07-20;71.86;22.96
2017-07-21;71.68;22.84
2017-07-24;71.49;22.72
2017-07-25;72.18;22.78
2017-07-26;71.99;22.93
2017-07-27;72.27;22.89
2017-07-28;72.72;23.21
2017-07-31;71.59;22.97
2017-08-01;69.98;22.41
2017-08-02;69.98;22.42
2017-08-03;69.2;22.22
2017-08-04;68.97;22.07
2017-08-07;70.66;22.62
2017-08-08;70.42;22.54
2017-08-09;71.26;22.63
2017-08-10;71.55;22.58
2017-08-11;70.63;22.28
2017-08-14;70.13;21.98
2017-08-15;69.39;21.85
2017-08-16;69.33;22
2017-08-17;69.26;21.79
2017-08-18;69.48;22.09
2017-08-21;69.15;21.83
2017-08-22;69.43;21.92
2017-08-23;69.49;22.15
2017-08-24;69.74;22.18
2017-08-25;69.51;22.05
2017-08-28;69.56;22.01
2017-08-29;69.98;22.14
2017-08-30;69.56;22.02
2017-08-31;69.35;22.02
2017-09-01;69.44;22.09
2017-09-04;69.4;22.14
2017-09-05;70.44;22.59
2017-09-06;70.37;22.68
2017-09-08;70.31;22.74
2017-09-11;69.68;22.48
2017-09-12;69.47;22.2
2017-09-13;70.12;22.39
2017-09-14;71.09;22.82
2017-09-15;70.91;22.76
2017-09-18;70.63;22.55
2017-09-19;70.44;22.44
2017-09-20;70.49;22.51
2017-09-21;70.51;22.43
2017-09-22;70.86;22.67
2017-09-25;70.74;22.41
2017-09-26;70.83;22.35
2017-09-27;70.81;22.19
2017-09-28;70.96;22.31
2017-09-29;70.72;22.33
2017-10-02;70.58;22.38
2017-10-03;69.95;22.23
2017-10-04;69.44;22.18
2017-10-05;70.09;22.22
2017-10-06;70.57;22.35
2017-10-09;70.86;22.24
2017-10-10;70.84;22.28
2017-10-11;70.8;22.36
2017-10-13;71.54;22.7
2017-10-16;72.29;22.81
2017-10-17;71.89;22.69
2017-10-18;71.6;22.62
2017-10-19;71.37;22.48
2017-10-20;71.81;22.53
2017-10-23;71.67;22.22
2017-10-24;71.97;22.09
2017-10-25;72.81;22.45
2017-10-26;72.69;22.19
2017-10-27;72.86;22.45
2017-10-30;72.59;22.14
2017-10-31;72.64;22.18
2017-11-01;73.48;22.5
2017-11-03;73.39;22.24
2017-11-06;73.53;22.56
2017-11-07;73.82;22.5
2017-11-08;73.9;22.68
2017-11-09;74.19;22.79
2017-11-10;73.94;22.55
2017-11-13;74.81;22.7
2017-11-14;74.01;22.39
2017-11-16;73.56;22.46
2017-11-17;73.65;22.59
2017-11-20;73.57;22.55
2017-11-21;73.92;22.74
2017-11-22;74.08;22.9
2017-11-23;74.15;23.02
2017-11-24;74.08;22.94
2017-11-27;73.95;22.98
2017-11-28;73.82;22.99
2017-11-29;73.46;22.63
2017-11-30;74.18;22.64
2017-12-01;74.51;22.87
2017-12-04;75.01;23.13
2017-12-05;75.22;23.29
2017-12-06;74.94;23.12
2017-12-07;75.06;22.83
2017-12-08;75.16;22.78
2017-12-11;75.01;22.74
2017-12-12;75.16;22.59
2017-12-13;74.99;22.65
2017-12-14;74.67;22.35
2017-12-15;74.52;22.54
2017-12-18;73.91;22.42
2017-12-19;73.48;22.26
2017-12-20;73.31;22.28
2017-12-21;72.87;22.01
2017-12-22;73.26;22
2017-12-26;73.12;22.04
2017-12-27;73.2;22.11
2017-12-28;73.11;22.1
2018-01-02;72.41;22.21
2018-01-03;72.03;22.22
2018-01-04;71.78;22.24
2018-01-05;72.23;22.35
2018-01-08;72.16;22.31
2018-01-09;72.07;22.19
2018-01-10;72.02;22.31
2018-01-11;71.51;22.18
2018-01-12;71.17;22.18
2018-01-15;71.27;22.21
2018-01-16;71.66;22.19
2018-01-17;71.84;22.34
2018-01-18;71.95;22.41
2018-01-19;71.85;22.46
2018-01-22;71.91;22.42
2018-01-23;72.38;22.33
2018-01-24;72.02;22.67
2018-01-25;71.62;22.82
2018-01-26;71.07;22.59
2018-01-29;71.55;22.6
2018-01-30;72.11;22.7
2018-01-31;71.66;22.49
2018-02-01;71.49;22.56
2018-02-02;71.74;22.33
2018-02-05;71.93;22.17
2018-02-06;72.74;22.45
2018-02-07;72.95;22.26
2018-02-08;73.42;22.37
2018-02-09;73.36;22.18
2018-02-14;74.61;23.1
2018-02-15;74.53;23.02
2018-02-16;74.75;23.22
2018-02-19;75.17;23.25
2018-02-20;75.76;23.29
2018-02-21;76.5;23.53
2018-02-22;76.73;23.64
2018-02-23;76.74;23.68
2018-02-26;77.04;23.8
2018-02-27;77.11;23.75
2018-02-28;78.37;24.2
2018-03-01;78.82;24.21
2018-03-02;80.06;24.63
2018-03-05;79.75;24.56
2018-03-06;79.77;24.87
2018-03-07;79.67;24.55
2018-03-08;80.01;24.51
2018-03-09;79.68;24.52
2018-03-12;78.93;24.25
2018-03-13;79;24.2
2018-03-14;78.9;24.17
2018-03-15;79.36;24.12
2018-03-16;79.3;24.22
2018-03-19;78.79;23.97
2018-03-20;78.23;23.65
2018-03-21;78.28;23.93
2018-03-22;78.85;23.88
2018-03-23;78.71;23.75
2018-03-26;79.84;24.17
2018-03-27;80.56;24.19
2018-03-28;80.37;24.13
2018-03-29;80.41;24.36
2018-04-02;81.36;24.52
2018-04-03;82.44;24.71
2018-04-04;81.86;24.53
2018-04-05;84.19;25.18
2018-04-06;85.21;25.28
2018-04-09;87.02;25.59
2018-04-10;86.78;25.48
2018-04-11;86.5;25.6
2018-04-12;86.64;25.47
2018-04-13;86.61;25.3
2018-04-16;86.83;25.37
2018-04-17;85.34;25.07
2018-04-18;85.32;25.26
2018-04-19;84.99;25.08
2018-04-20;85.35;25.02
2018-04-23;85.59;24.82
2018-04-24;85.84;24.74
2018-04-25;87.24;25.02
2018-04-26;87.17;25.06
2018-04-27;87.09;25.16
2018-04-30;86.8;24.76
2018-05-02;87.3;24.61
2018-05-03;86.6;24.56
2018-05-04;86.34;24.52
2018-05-07;85.98;24.19
2018-05-08;85.77;24.02
2018-05-09;86.11;23.89
2018-05-10;85.55;24.13
2018-05-11;85.39;23.7
2018-05-14;85.82;23.68
2018-05-15;85.99;23.48
2018-05-16;85.21;23.17
2018-05-17;85.02;22.95
2018-05-18;85.82;22.93
2018-05-21;85.79;23.27
2018-05-22;86.4;23.73
2018-05-23;86.45;23.83
2018-05-24;86.32;23.68
2018-05-25;86.47;23.54
2018-05-28;86.56;23.16
2018-05-29;87.09;23.25
2018-05-30;86.6;23.15
2018-06-01;86.89;23.08
2018-06-04;86.71;23.18
2018-06-05;87.34;22.92
2018-06-06;87.52;22.92
2018-06-07;87.69;22.37
2018-06-08;86.85;23.37
2018-06-11;83.64;22.49
2018-06-12;82.51;22.2
2018-06-13;82.62;22.23
2018-06-14;82.78;21.8
2018-06-15;83.52;22.44
2018-06-18;83.32;22.23
2018-06-19;82.53;22.05
2018-06-20;83.52;22.11
2018-06-21;84.04;22.3
2018-06-22;84.7;22.43
2018-06-25;83.8;22.16
2018-06-26;83.97;22.12
2018-06-27;85.5;22.2
2018-06-28;85.39;22.11
2018-06-29;86.54;22.33
2018-07-02;87.07;22.26
2018-07-03;87.44;22.46
2018-07-04;87.24;22.3
2018-07-05;88.09;22.4
2018-07-06;88.14;22.57
2018-07-09;88.1;22.77
2018-07-10;87.61;23.07
2018-07-11;88.27;22.75
2018-07-12;88.71;22.83
2018-07-13;88.19;22.9
2018-07-16;88.93;23.03
2018-07-17;89.19;23.22
2018-07-18;89.72;23.41
2018-07-19;89.32;23.1
2018-07-20;88.9;23.51
2018-07-23;88.23;23.3
2018-07-24;87.95;23.49
2018-07-25;87.81;23.69
2018-07-26;88.12;23.55
2018-07-27;88.07;23.72
2018-07-30;87.83;23.56
2018-07-31;89.53;23.85
2018-08-01;88.6;23.6
2018-08-02;88.4;23.53
2018-08-03;87.3;23.56
2018-08-06;87.22;23.39
2018-08-07;87.72;23.31
2018-08-08;88.75;23.54
2018-08-09;88.62;23.32
2018-08-10;89.15;23.11
2018-08-13;88.94;22.8
2018-08-14;89.39;23.12
2018-08-15;90.32;23.15
2018-08-16;91.84;23.54
2018-08-17;90.79;23.17
2018-08-20;90.35;22.83
2018-08-21;89.71;22.3
2018-08-22;91.95;22.66
2018-08-23;91.07;22.13
2018-08-24;91.19;22.22
2018-08-27;90.29;22.1
2018-08-28;90.47;21.83
2018-08-29;91.13;22.13
2018-08-30;92.12;22.14
2018-08-31;92.62;22.77
2018-09-03;91.52;22.06
2018-09-04;93.4;22.48
2018-09-05;93.83;22.71
2018-09-06;94.29;22.91
2018-09-10;94.09;22.98
2018-09-11;95.46;22.95
2018-09-12;95.76;23.09
2018-09-13;96.98;23.1
2018-09-14;96.95;23.28
2018-09-17;96.25;23.36
2018-09-18;95.57;23.14
2018-09-19;96.03;23.28
2018-09-20;96.17;23.6
2018-09-21;95.72;23.69
2018-09-24;96.23;23.57
2018-09-25;97.39;23.85
2018-09-26;97;24.1
2018-09-27;95.91;24.05
2018-09-28;95.62;23.65
2018-10-01;96.39;23.98
2018-10-02;95.64;24.34
2018-10-03;93.89;24.09
2018-10-04;94.72;24.34
2018-10-05;94.09;24.34
2018-10-08;91.6;24.35
2018-10-09;90.83;24.48
2018-10-10;90.65;24.12
2018-10-11;90.98;24.13
2018-10-15;90.81;24.31
2018-10-16;90.92;24.44
2018-10-17;91.36;24.81
2018-10-18;90.04;24.28
2018-10-19;89.57;24.15
2018-10-22;89.4;24.23
2018-10-23;88.61;23.96
2018-10-24;88.99;23.83
2018-10-25;88.08;23.8
2018-10-26;87.64;24.02
2018-10-29;85.53;23.06
2018-10-30;86.28;23.35
2018-10-31;85.74;23.12
2018-11-01;85.79;23.26
2018-11-05;85.98;23.12
2018-11-06;85.82;22.86
2018-11-07;86.24;23.05
2018-11-08;85.36;22.81
2018-11-09;85.28;22.83
2018-11-12;84.9;22.64
2018-11-13;85.14;22.29
2018-11-14;84.93;22.42
2018-11-16;84.62;22.65
2018-11-19;83.29;22.13
2018-11-20;83.41;22.19
2018-11-21;83.53;22.07
2018-11-22;83.24;21.88
2018-11-23;83.24;21.81
2018-11-26;82.07;21.02
2018-11-27;82.18;21.14
2018-11-28;82.55;21.49
2018-11-29;82.78;21.48
2018-11-30;82.78;21.46
2018-12-03;82.93;21.66
2018-12-04;82.6;21.4
2018-12-05;80.65;20.85
2018-12-06;80.1;20.6
2018-12-07;82.1;21.15
2018-12-10;81.39;20.75
2018-12-11;81.43;20.79
2018-12-12;81.2;21.09
2018-12-13;80.98;20.89
2018-12-14;80.7;20.68
2018-12-17;81.03;20.8
2018-12-18;81.53;20.9
2018-12-19;81.5;21.04
2018-12-20;80.11;20.8
2018-12-21;80.45;20.67
2018-12-26;80.62;20.57
2018-12-27;80.35;20.61
2018-12-28;80.17;20.69
2019-01-02;79.35;20.8
2019-01-03;78.5;20.9
2019-01-04;78.04;21.01
2019-01-07;77.37;20.75
2019-01-08;77.56;20.91
2019-01-09;76.72;20.82
2019-01-10;75.99;20.43
2019-01-11;76.01;20.46
2019-01-14;75.67;20.47
2019-01-15;74.91;20.09
2019-01-16;74.53;19.99
2019-01-17;74.83;20
2019-01-18;75.7;20.15
2019-01-21;76.22;20.27
2019-01-22;77.04;20.29
2019-01-23;78.07;20.72
2019-01-24;78.13;20.72
2019-01-25;77.68;20.65
2019-01-28;77.25;20.52
2019-01-29;77.46;20.8
2019-01-30;77.5;20.82
2019-01-31;77.08;21.11
2019-02-01;77.31;21.12
2019-02-04;77.02;20.98
2019-02-05;77.22;21.08
2019-02-06;77.2;20.86
2019-02-07;77.09;20.8
2019-02-08;77;20.62
2019-02-11;77.26;20.55
2019-02-12;77.39;20.88
2019-02-13;78.02;20.79
2019-02-14;78.63;21.01
2019-02-15;77.83;21.01
2019-02-18;77.78;20.83
2019-02-19;77.35;20.86
2019-02-20;77.4;20.77
2019-02-21;79.45;21.17
2019-02-22;78.99;21.15
2019-02-25;78.31;20.95
2019-02-26;78.18;20.86
2019-02-27;77.87;20.88
2019-02-28;77.36;20.63
2019-03-01;78.06;20.68
2019-03-06;78.14;20.36
2019-03-07;78.94;20.26
2019-03-08;78.64;20.33
2019-03-11;77.96;20.3
2019-03-12;77.09;20.23
2019-03-13;77.82;20.44
2019-03-14;78.13;20.31
2019-03-15;78.73;20.62
2019-03-18;78.53;20.73
2019-03-19;77.81;20.56
2019-03-20;77.39;20.64
2019-03-21;78.5;20.69
2019-03-22;78.96;20.23
2019-03-25;78.93;20.45
2019-03-26;78.36;20.26
2019-03-27;78.48;19.87
2019-03-28;79.03;20.21
2019-03-29;77.71;19.85
2019-04-01;76.93;19.86
2019-04-02;77.62;20.13
2019-04-03;77.25;19.96
2019-04-04;77.95;20.24
2019-04-05;77.45;20.03
2019-04-08;77.33;20.1
2019-04-09;76.97;19.97
2019-04-10;76.64;20.07
2019-04-11;76.24;19.76
2019-04-12;76.5;19.68
2019-04-15;77.25;19.96
2019-04-16;76.86;19.72
2019-04-17;76.99;19.58
2019-04-18;76.66;19.51
2019-04-22;76.48;19.46
2019-04-23;76.35;19.47
2019-04-24;75.73;19
2019-04-25;75.46;19.08
2019-04-26;76.11;19.36
2019-04-29;74.69;18.95
2019-04-30;74.36;18.97
2019-05-02;73.94;18.67
2019-05-03;73.4;18.65
2019-05-06;74.32;18.78
2019-05-07;74.92;18.88
2019-05-08;74.23;18.89
2019-05-09;73.93;18.72
2019-05-10;74.58;18.92
2019-05-13;75.14;18.87
2019-05-14;77.07;19.4
2019-05-15;78.3;19.61
2019-05-16;78.96;19.55
2019-05-17;79.38;19.36
2019-05-20;80.56;19.64
2019-05-21;81.65;20.15
2019-05-22;79.93;19.77
2019-05-23;80.48;19.9
2019-05-24;81.13;20.21
2019-05-27;80.81;20.04
2019-05-28;82.56;20.55
2019-05-29;82.66;20.8
2019-05-30;83.41;20.98
2019-05-31;82.58;21.03
2019-06-03;81.86;21.01
2019-06-04;80.98;20.99
2019-06-05;81.38;20.87
2019-06-06;81.81;21.09
2019-06-07;81.54;21.06
2019-06-10;81.28;20.96
2019-06-11;81.18;21.1
2019-06-12;81.49;21.12
2019-06-13;81.79;21.21
2019-06-14;82.73;21.25
2019-06-17;83.39;21.38
2019-06-18;83.19;21.55
2019-06-19;82.76;21.48
2019-06-21;81.53;21.34
2019-06-24;81.5;21.31
2019-06-25;82.16;21.33
2019-06-26;82.11;21.34
2019-06-27;81.59;21.3
2019-06-28;81.8;21.33
2019-07-01;80.61;20.97
2019-07-02;80.56;20.91
2019-07-03;80.43;21.05
2019-07-04;80.36;21.18
2019-07-05;79.56;20.84
2019-07-08;78.72;20.68
2019-07-09;78.1;20.63
2019-07-10;78.72;20.98
2019-07-11;79.1;21.09
2019-07-12;79.41;21.23
2019-07-15;79.06;21.04
2019-07-16;78.74;20.92
2019-07-17;78.39;20.85
2019-07-18;77.56;20.8
2019-07-19;78.9;21.06
2019-07-22;77.81;20.82
2019-07-23;77.97;20.67
2019-07-24;78.39;20.79
2019-07-25;78.26;20.69
2019-07-26;78.13;20.74
2019-07-29;78.79;20.85
2019-07-30;77.94;20.54
2019-07-31;77.29;20.35
2019-08-01;78.63;20.47
2019-08-02;80.18;20.64
2019-08-05;81.66;20.62
2019-08-06;82.56;20.87
2019-08-07;83.09;20.9
2019-08-08;83.08;21.17
2019-08-09;83.58;21.22
2019-08-12;84.12;21.15
2019-08-13;84.59;21.34
2019-08-14;85.16;21.09
2019-08-15;85.4;21.39
2019-08-16;85.62;21.4
2019-08-19;85.54;21.04
2019-08-20;86.14;21.32
2019-08-21;85.95;21.36
2019-08-22;86.33;21.2
2019-08-23;87.43;21.24
2019-08-26;88.56;21.33
2019-08-27;88.52;21.34
2019-08-28;88.5;21.29
2019-08-29;88.68;21.3
2019-08-30;88.52;21.43
2019-09-02;88.32;21.12
2019-09-03;88.04;21.07
2019-09-04;87.64;21.35
2019-09-05;86.55;21.11
2019-09-06;86.06;21.13
2019-09-09;85.36;20.84
2019-09-10;86.02;20.99
2019-09-11;85.35;21.01
2019-09-12;86.09;21.22
2019-09-13;85.39;20.87
2019-09-16;85.72;20.96
2019-09-17;86.01;21.08
2019-09-18;85.37;20.77
2019-09-19;85.5;20.57
2019-09-20;86.89;20.92
2019-09-23;87.58;21
2019-09-24;87.32;20.92
2019-09-25;87.06;20.95
2019-09-26;86.86;20.88
2019-09-27;86.61;20.85
2019-09-30;86.76;20.9
2019-10-01;88.14;21.17
2019-10-02;87.61;21.19
2019-10-03;87.28;21.37
2019-10-04;86.38;21.27
2019-10-07;86.55;21.1
2019-10-08;86.98;21.27
2019-10-09;87.59;21.39
2019-10-10;88;21.35
2019-10-11;88.05;21.55
2019-10-14;88.98;21.56
2019-10-15;89.66;21.56
2019-10-16;89.94;21.63
2019-10-17;90.07;21.65
2019-10-18;89.18;21.67
2019-10-21;89.82;21.72
2019-10-22;89.39;21.95
2019-10-23;89.19;22.12
2019-10-24;88.91;22.03
2019-10-25;88.7;22.13
2019-10-28;87.56;21.95
2019-10-29;86.94;21.75
2019-10-30;87.47;21.93
2019-10-31;87.38;21.78
2019-11-01;87.36;21.85
2019-11-04;87.54;21.84
2019-11-05;87.71;21.98
2019-11-06;89.3;21.86
2019-11-07;88.97;21.76
2019-11-08;89.82;21.61
2019-11-11;89.74;21.69
2019-11-12;89.85;21.55
2019-11-13;90.45;21.6
2019-11-14;90.24;21.54
2019-11-18;90.42;21.53
2019-11-19;90.74;21.62
2019-11-20;90.62;21.56
2019-11-21;91.3;21.76
2019-11-22;90.69;21.64
2019-11-25;90.23;21.42
2019-11-26;90.97;21.43
2019-11-27;90.76;21.32
2019-11-28;90.72;21.53
2019-11-29;90.06;21.27
2019-12-02;89.57;21.24
2019-12-03;88.15;20.95
2019-12-04;88.24;20.99
2019-12-05;89.7;21.43
2019-12-06;89.56;21.62
2019-12-09;89.09;21.56
2019-12-10;89.03;21.48
2019-12-11;88.91;21.51
2019-12-12;88.36;21.63
2019-12-13;87.96;21.42
2019-12-16;86.79;21.37
2019-12-17;87.32;21.49
2019-12-18;87.69;21.56
2019-12-19;87.22;21.48
2019-12-20;87.25;21.3
2019-12-23;87.42;21.45
2019-12-26;87.13;21.45
2019-12-27;87.59;21.64
2019-12-30;87.9;21.89
2020-01-02;88.08;21.89
2020-01-03;88.91;21.94
2020-01-06;88.24;21.68
2020-01-07;88.02;21.68
2020-01-08;88.13;21.76
2020-01-09;88.19;21.58
2020-01-10;88.06;21.58
2020-01-13;88.56;21.41
2020-01-14;88.96;21.55
2020-01-15;88.75;21.25
2020-01-16;87.53;20.87
2020-01-17;87.4;21.01
2020-01-20;87.66;20.93
2020-01-21;87.67;20.87
2020-01-22;87.41;20.93
2020-01-23;86.23;20.7
2020-01-24;86;20.55
2020-01-27;85.93;20.44
2020-01-28;85.81;20.46
2020-01-29;85.99;20.37
2020-01-30;85.75;20.12
2020-01-31;85.33;19.92
2020-02-03;84.73;19.94
2020-02-04;85.13;20
2020-02-05;85.57;20.16
2020-02-06;85.7;20.04
2020-02-07;86.79;20.1
2020-02-10;87.09;20.13
2020-02-11;87.31;20.18
2020-02-12;87.69;20.17
2020-02-13;88.34;20.34
2020-02-14;88.57;20.6
2020-02-17;87.6;20.25
2020-02-18;88.69;20.35
2020-02-19;88.54;20.27
2020-02-20;89.06;20.3
2020-02-21;88.8;20.23
2020-02-26;88.66;19.97
2020-02-27;88.84;19.88
2020-02-28;89.86;20
2020-03-02;90.3;20.13
2020-03-03;90.83;20.14
2020-03-04;91.57;20
2020-03-05;92.37;19.87
2020-03-06;92.8;20.05
2020-03-09;92.55;19.51
2020-03-10;92.32;19.88
2020-03-11;92.86;19.62
2020-03-12;93.23;19.35
2020-03-13;92.18;19
2020-03-16;93.18;18.53
2020-03-17;94.56;18.91
2020-03-18;94.69;18.11
2020-03-19;95.84;18.8
2020-03-20;96.7;19.15
2020-03-23;96.4;18.76
2020-03-24;98.01;19.25
2020-03-25;99.69;19.89
2020-03-26;98.55;19.69
2020-03-27;98.82;19.54
2020-03-30;100.66;19.45
2020-03-31;101.21;19.48
2020-04-01;101.37;19.27
2020-04-02;101.14;19.21
2020-04-03;101.48;19.09
2020-04-06;101.4;19.12
2020-04-07;101.21;19.4
2020-04-08;101.16;19.64
2020-04-09;100.07;19.62
2020-04-13;101.44;19.59
2020-04-14;101.08;19.49
2020-04-15;101.17;19.32
2020-04-16;100.47;19.1
2020-04-17;100.93;19.25
2020-04-20;101.45;19.12
2020-04-22;102.41;18.94
2020-04-23;103.56;18.82
2020-04-24;106.16;18.72
2020-04-27;106.61;18.67
2020-04-28;105.49;19.19
2020-04-29;103.77;19.37
2020-04-30;103.58;19.02
2020-05-04;105.66;19.08
2020-05-05;105.8;18.9
2020-05-06;107.86;18.92
2020-05-07;110.64;18.89
2020-05-08;111.42;19.38
2020-05-11;112.84;19.34
2020-05-12;113.95;19.44
2020-05-13;115.27;19.49
2020-05-14;116.27;19.92
2020-05-15;115.83;19.86
2020-05-18;113.19;19.81
2020-05-19;111.76;19.49
2020-05-20;111.31;19.61
2020-05-21;111.68;20.04
2020-05-22;109.84;19.68
2020-05-25;108.7;19.93
2020-05-26;106.35;19.92
2020-05-27;105.89;20.01
2020-05-28;106.39;19.84
2020-05-29;107.51;20.13
2020-06-01;107.78;20.04
2020-06-02;107.52;20.6
2020-06-03;105.69;20.85
2020-06-04;108.25;21.16
2020-06-05;107.27;21.59
2020-06-08;104.97;21.55
2020-06-09;102.75;21.07
2020-06-10;103.17;20.98
2020-06-12;105.74;20.9
2020-06-15;108.26;21.02
2020-06-16;109.8;21.01
2020-06-17;111;21.08
2020-06-18;113.52;21.08
2020-06-19;114.81;21.64
2020-06-22;112.91;21.43
2020-06-23;111.92;21.75
2020-06-24;111.97;21.06
2020-06-25;112.67;21.16
2020-06-26;114.99;21.03
2020-06-29;114.71;21.1
2020-06-30;115.32;21.2
2020-07-01;115.97;21.84
2020-07-02;114.44;21.38
2020-07-03;114.93;21.62
2020-07-06;115.83;21.68
2020-07-07;115.9;21.54
2020-07-08;116.02;21.71
2020-07-09;116;21.74
2020-07-10;115.86;21.78
2020-07-13;113.87;21.2
2020-07-14;115.01;21.53
2020-07-15;115.09;21.38
2020-07-16;115.5;21.69
2020-07-17;116;21.54
2020-07-20;116.77;21.89
2020-07-21;116.56;22.43
2020-07-22;114.85;22.44
2020-07-23;116.08;22.3
2020-07-24;117.53;22.56
2020-07-27;117.28;22.69
2020-07-28;117.09;22.72
2020-07-29;116.03;22.44
2020-07-30;117.52;22.79
2020-07-31;119.12;22.85
2020-08-03;120.14;22.54
2020-08-04;120.55;22.75
2020-08-05;120.94;22.83
2020-08-06;124.31;23.22
2020-08-07;123.2;22.73
2020-08-10;123.21;22.57
2020-08-11;124.05;22.95
2020-08-12;124.9;22.9
2020-08-13;126.23;23.51
2020-08-14;127.26;23.44
2020-08-17;129.67;23.56
2020-08-18;131.09;23.97
2020-08-19;131.12;23.74
2020-08-20;133.2;23.97
2020-08-21;132.8;23.68
2020-08-24;131.88;23.55
2020-08-25;132.98;24.07
2020-08-26;133.72;23.88
2020-08-27;134.79;24.2
2020-08-28;136.63;25.26
2020-08-31;137.76;25.16
2020-09-01;137.22;25.47
2020-09-02;136.57;25.5
2020-09-03;136.68;25.84
2020-09-04;134.08;25.27
2020-09-08;135.17;25.22
2020-09-09;136.68;25.84
2020-09-10;135.83;25.55
2020-09-11;137.4;25.76
2020-09-14;136.33;25.83
2020-09-15;136.98;25.91
2020-09-16;138.46;26.42
2020-09-17;139.16;26.57
2020-09-18;139.1;25.92
2020-09-21;144.52;26.75
2020-09-22;147.33;26.96
2020-09-23;149.85;26.87
2020-09-24;150.86;27.35
2020-09-25;146.63;26.45
2020-09-28;148.76;26.4
2020-09-29;149.45;26.52
2020-09-30;148.12;26.37
2020-10-01;152.24;26.94
2020-10-02;151.86;26.84
2020-10-05;156.02;28.06
2020-10-06;155.64;27.79
2020-10-07;159.22;28.35
2020-10-08;159.88;28.61
2020-10-09;155.85;28.17
2020-10-13;157.73;28.3
2020-10-14;157.66;28.14
2020-10-15;157.01;27.98
2020-10-16;159.44;28.24
2020-10-19;157.91;28.18
2020-10-20;161.05;28.77
2020-10-21;159.47;28.44
2020-10-22;164.13;29.32
2020-10-23;164.23;29.18
2020-10-26;164.73;29.28
2020-10-27;166.57;29.36
2020-10-28;164.34;28.62
2020-10-29;163.82;28.49
2020-10-30;163.54;28.45
2020-11-03;165.26;28.74
2020-11-04;168.53;29.77
2020-11-05;168.97;30.46
2020-11-06;169.76;31.51
2020-11-09;163.28;30.16
2020-11-10;169.44;31.5
2020-11-11;170.97;31.58
2020-11-12;162.27;29.69
2020-11-13;165.27;30.18
2020-11-16;164.72;30.32
2020-11-17;165.47;31
2020-11-18;165.59;30.98
2020-11-19;163.96;30.87
2020-11-20;163.62;30.46
2020-11-23;162.96;29.97
2020-11-24;161.92;30.07
2020-11-25;162.54;30.56
2020-11-26;161.24;30.25
2020-11-27;162.31;30.46
2020-11-30;161.77;30.22
2020-12-01;160.67;30.7
2020-12-02;157.44;30.02
2020-12-03;157.78;30.72
2020-12-04;152.5;29.74
2020-12-07;154.42;30.39
2020-12-08;149.02;29.06
2020-12-09;155.45;29.99
2020-12-10;152.26;30.23
2020-12-11;147.31;29.15
2020-12-14;151.4;29.63
2020-12-15;152.76;30.02
2020-12-16;150.35;29.33
2020-12-17;150.99;29.75
2020-12-18;151.15;29.71
2020-12-21;150.98;29.47
2020-12-22;150.93;29.22
2020-12-23;150.91;29.03
2020-12-28;149.98;28.63
2020-12-29;151.05;29.14
2020-12-30;153.9;29.68
2021-01-04;154.7;29.4
2021-01-05;162.75;30.92
2021-01-06;164.84;31.2
2021-01-07;163.85;30.42
2021-01-08;165.61;30.58
2021-01-11;168.51;30.69
2021-01-12;170.72;32.01
2021-01-13;170.68;32.2
2021-01-14;170.08;32.69
2021-01-15;169.66;32.1
2021-01-18;170.72;32.26
2021-01-19;171.29;32.02
2021-01-20;168.79;31.73
2021-01-21;170.11;31.76
2021-01-22;169.11;30.91
2021-01-25;169.69;30.81
2021-01-26;169.14;31.75
2021-01-27;169.15;31.34
2021-01-28;169.6;31.2
2021-01-29;168.3;30.69
2021-02-01;168.65;30.94
2021-02-02;168.47;31.44
2021-02-03;166.12;30.98
2021-02-04;167.67;30.74
2021-02-05;166.36;30.89
2021-02-08;168.91;31.44
2021-02-09;169.4;31.47
2021-02-10;167.39;31.12
2021-02-11;165.62;30.72
2021-02-12;165.73;30.82
2021-02-17;164;30.26
2021-02-18;163.7;30.09
2021-02-19;162.96;30.14
2021-02-22;163.94;30.13
2021-02-23;165.95;30.44
2021-02-24;165.84;30.52
2021-02-25;166.74;30.28
2021-02-26;167.45;30
2021-03-01;168.96;30.18
2021-03-02;171.34;30.24
2021-03-03;172.36;29.97
2021-03-04;171.98;30.37
2021-03-05;174.34;30.62
2021-03-08;178.03;30.86
2021-03-09;179.3;30.97
2021-03-10;177.23;31.33
2021-03-11;171.32;30.95
2021-03-12;169.71;30.5
2021-03-15;170.84;30.26
2021-03-16;170.54;30.39
2021-03-17;171.11;30.65
2021-03-18;169.79;30.54
2021-03-19;168.17;30.64
2021-03-22;168.32;30.53
2021-03-23;168.78;30.61
2021-03-24;170.15;30.31
2021-03-25;170.99;30.17
2021-03-26;172.05;29.94
2021-03-29;172.68;29.94
2021-03-30;171.64;29.87
2021-03-31;173.3;30.82
2021-04-01;173.86;30.47
2021-04-05;172.84;30.47
2021-04-06;173.65;31.02
2021-04-07;172.52;30.54
2021-04-08;172.63;30.98
2021-04-09;174.71;30.77
2021-04-12;173.52;30.31
2021-04-13;175.17;30.73
2021-04-14;176.19;31.05
2021-04-15;175.74;31.25
2021-04-16;177.94;31.86
2021-04-19;178.61;32.11
2021-04-20;179.32;32.27
2021-04-22;181.2;33.17
2021-04-23;180.96;32.93
2021-04-26;182.86;33.5
2021-04-27;183.02;33.49
2021-04-28;180.06;33.57
2021-04-29;177.44;33.14
2021-04-30;179.72;33.07
2021-05-03;177.12;32.67
2021-05-04;180.59;33.24
2021-05-05;180.37;33.61
2021-05-06;178.51;33.8
2021-05-07;177.51;33.99
2021-05-10;177.23;33.88
2021-05-11;179.28;34.32
2021-05-12;182.97;34.55
2021-05-13;178.27;33.64
2021-05-14;176.84;33.56
2021-05-17;176.54;33.52
2021-05-18;176.38;33.62
2021-05-19;174.08;32.75
2021-05-20;173.91;32.98
2021-05-21;173.01;32.35
2021-05-24;173.55;32.61
2021-05-25;174.28;32.66
2021-05-26;173.75;32.73
2021-05-27;173.77;33.08
2021-05-28;173.35;33.22
2021-05-31;172.96;33.1
2021-06-01;173.99;33.75
2021-06-02;172.8;33.93
2021-06-04;173.21;34.4
2021-06-07;174.1;34.57
2021-06-08;173.45;34.43
2021-06-09;171.82;33.89
2021-06-10;170.63;33.7
2021-06-11;169.41;33.09
2021-06-14;166.65;32.86
2021-06-15;164.45;32.61
2021-06-16;161.32;31.98
2021-06-17;156.86;31.22
2021-06-18;153.43;30.26
2021-06-21;154.8;30.82
2021-06-22;155.02;31.23
2021-06-23;152.67;30.75
2021-06-24;149.28;30.43
2021-06-25;148.74;30.04
2021-06-28;151.1;30.67
2021-06-29;151.74;30.73
2021-06-30;158.12;31.8
2021-07-01;163.81;32.45
2021-07-02;164.28;32.54
2021-07-05;163.71;32.21
2021-07-06;162.13;31.18
2021-07-07;164.08;31.35
2021-07-08;166.31;31.65
2021-07-09;165.02;31.5
2021-07-12;165.83;32.08
2021-07-13;167.62;32.42
2021-07-14;168.72;33.27
2021-07-15;168.9;32.96
2021-07-16;170.39;33.28
